N_value,T_value,tau_value,sigma_value,Bmax_value
5.828172421252518,2.9289075225745087,3.239480199534362,0.24079973481755243,11.337117423208992
13.053996304613571,0.667938625871715,1.4324453167030038,0.22179467378306533,8.624888443967713
11.236140366303067,6.4901332231378355,0.2560822239002206,0.2732180276757493,8.666221578331852
6.91158126306868,4.447834901798636,2.8419751563380413,0.27132416202787846,8.610267612338744
11.670344518447317,0.673968218452714,3.655020866558814,0.24888373207225578,7.3213235306753965
12.009081941444256,0.7310013203293568,3.632170717117495,0.20807785197639556,7.290450158463471
14.108945820776722,5.918900159316835,0.6337968353599147,0.27948276796186877,8.860477481255367
7.9267232848879425,5.565720492484488,2.7589402130696064,0.2595521512092839,8.305005935419224
5.95459658070347,0.6936573991716108,1.94921980863871,0.2992595714295701,8.072149365580033
11.297820683111988,9.970620328621457,1.0717017027712483,0.2676593957410601,8.51086227823502
8.324031659786549,0.8237807377867505,4.510233738521128,0.2747295557589563,9.864230049154925
12.211507301624374,0.31414075662318824,0.582537773721719,0.027216070852837837,7.900054424761077
5.12464001436718,4.961727960984588,1.4268213253598399,0.257855877419618,10.707369030276308
5.881436330305893,8.870179737241653,0.20409629641777577,0.2912645341814778,8.689092690265547
9.166176812916689,0.7528584813209477,5.698414449646846,0.12330758648468539,11.191261656139988
14.439258691438367,0.5572217017659321,1.7770182553945066,0.06882273577667225,7.784161037633115
13.749577815782827,0.6918262163452473,2.3624173513992757,0.20185510243052746,7.725419276486561
14.540912927065461,0.222768658160026,0.4063476825310579,0.2507928573785493,7.562075887832563
10.806183295706415,8.828497775027795,0.14163183156651127,0.23939315528947344,8.857018703720957
7.349576951195692,2.6446457810805923,5.001047119600988,0.25644589235029736,9.55047163028891
7.826016859859422,0.7527804499215487,5.990463269100896,0.05586244455559831,11.255148734086422
12.365495094618677,0.7804158366918843,3.1322104689586823,0.28279403997760855,8.805974254769204
6.632578069172142,4.315584511897489,2.2807682443912345,0.29724616295492373,8.867144173879298
6.801987862598812,3.7689527824452607,1.7242799630261914,0.2897133906405991,10.161883793285757
14.803472836128776,0.6258894136035277,1.811708970922449,0.03677122934934486,7.91711168067517
5.853455831088,8.92750011437724,0.7554675532398032,0.2661805724320745,9.326728908789807
6.204236942625078,0.4803831972350509,0.8599040221990633,0.26801284498616945,8.663374835145419
9.461754142210737,0.7668216353410465,5.402621586881627,0.19765985237316366,10.505444155837019
7.824518445348389,8.975506088420811,2.063541224884221,0.297488729430382,6.938741480384866
5.201652990639936,2.123596434099924,3.15287357523915,0.297231673058778,11.240699530780233
8.727623584597604,1.9642420196593717,0.39282726690624914,0.28000220643189855,8.687151042741824
8.517697532095927,6.7978476962878815,0.2821919369114425,0.29343262048319335,7.831933290106196
7.367943119177951,5.496424982351723,2.4110822865995925,0.26202130126636547,9.015147498002031
13.31324910912171,4.465599987157996,0.24737246802775303,0.2788770450377581,7.56127595804764
8.317152489234148,3.883076004865218,3.3064430607901216,0.2796412922119816,10.011607161571787
8.325468813112305,5.716168137292285,0.19641261095336393,0.2916637769658155,7.951008091389796
14.898700953523743,0.7335344371219596,2.486048883582897,0.29093832147678356,8.397782458830067
9.96554164707108,0.6380716366305207,1.8418996794708178,0.27523067536983714,6.952377198179841
5.234314429904117,9.91048215726665,1.100478003203989,0.28615471152210725,9.605840437606219
8.376478511159991,7.91236782166719,1.0215576185515047,0.29353051633002447,9.138662024049824
10.858207677772596,0.7690935771901057,5.319489360983267,0.2050768411324226,9.822825175852254
6.651993055699998,4.958109298533024,2.2120826341228748,0.288764062856866,9.700342749140178
13.412262171683706,0.6690918878871941,3.4464092086324465,0.20304099771152795,7.429418389841606
6.651993055699998,4.958109298533024,2.2120826341228748,0.288764062856866,9.700342749140178
13.973245469623237,0.7375555594594567,3.7276822950277246,0.23328191343993493,8.020829187766042
12.030911527663065,0.5362274838389096,0.8238032982831854,0.27116495629353254,6.634122837993917
5.882451059810435,2.346857161467533,2.2020415421948463,0.2431839683528254,13.402123355482281
12.334122104102319,0.6599750893531909,2.336241118535926,0.17868935254582463,7.815567134300494
5.375245190594713,2.1857746381148013,2.9882761430373357,0.2578333143672382,11.651616982348282
5.6313151093709335,9.895555861557405,1.6566501803601645,0.16790377243496424,9.294847421411504
5.531772464274057,6.26632602061153,0.8016131236900829,0.25221618517550337,10.42787954270732
7.252874564443172,7.835384666350482,1.4345692813587538,0.2755722839441196,9.27547389444767
11.106625344358582,0.45689674661127544,0.851827385602186,0.2913886852283239,7.076226684684671
8.376478511159991,7.91236782166719,1.0215576185515047,0.29353051633002447,9.138662024049824
5.848647001146118,3.7914869951854855,3.333385423219667,0.24578886157306387,7.785324491424273
5.938836359503751,5.445024627177797,2.46504264514836,0.2999421094323417,7.893837686079832
8.341509009883405,9.347755368253654,0.19349137647395032,0.2950043396814902,8.886641316881153
12.65081292900011,0.35415401779567135,0.6749433153732456,0.18590475818718277,6.992788954426985
8.217046022524784,5.004795546696046,2.36826940863687,0.2748489691373941,10.2841157776412
7.794718130430059,9.286042474612517,0.6271965382267625,0.28693383908854475,8.324531851405624
6.643257642792817,8.158471050290172,2.0877422426295484,0.29322512491319486,6.206945712218224
5.456496289210239,4.051328159557356,2.3187115640192815,0.27391997128184953,9.426338378162178
7.005178236894658,6.293484320931364,0.41253347283414,0.2933077664114514,9.900713949424576
7.851155508851007,9.647090792096954,1.0770478111791968,0.2589873943803056,8.344932876540398
5.677947314715311,3.6893149507481224,2.459595714870869,0.29939379206729294,9.306682816173858
5.853176116679514,0.8289867949442602,3.803137079730327,0.19864201335573195,11.31460176047505
5.23734685483025,0.2150630574536443,0.17274406302452266,0.24864282651141856,8.650361541393897
13.50387087703885,0.33379269717577353,0.4996406077733695,0.06462198933614588,8.211155141534707
7.605807676653592,8.689137197791245,1.6331635841305552,0.2491233830793664,8.705943471226487
8.217046022524784,5.004795546696046,2.36826940863687,0.2748489691373941,10.2841157776412
8.339431459175444,2.8291683431247874,4.28538097603204,0.287797685121572,11.155387777429654
6.91727339486598,3.849460103550261,0.132049844558077,0.2589790092501335,10.04264687219714
7.655598279940146,6.49738788679198,1.9247102637723468,0.23443344919580947,10.350157321906341
9.250737406836912,0.8260630756810053,4.613859203769144,0.26543361946285843,11.146180474994399
6.606164096045768,0.7019868321239578,0.2948167641904561,0.2771296403050329,8.870972415231133
6.910121857838951,3.578645398895646,2.8757279974209995,0.2775413322257527,10.617626000129677
13.053996304613571,0.667938625871715,1.4324453167030038,0.22179467378306533,8.624888443967713
6.299472469850491,2.170404509725236,0.7641740542367073,0.28117422040820134,10.351821676208948
14.634982389843676,0.6449176136801027,1.617436727286155,0.013321618655634535,7.7792686918321525
8.33492144519449,7.038754738360888,0.8892793310366922,0.2935086728957657,8.26081988045734
12.868040979978552,0.6423057364112887,1.3343042263045883,0.2949526499224118,7.045761473126442
14.51349240997636,0.598272700885961,1.2109855819173605,0.08124856347552517,8.074742663837123
5.227030930966471,8.852497588658919,1.4720938951751323,0.2713975324905964,8.261464230594822
14.061312482876296,2.4685741820253853,0.5940348408507381,0.2933581008364905,8.54818712653271
14.385474742221167,0.6510574430787655,2.6399313697923477,0.29396166857181816,8.707855789323323
12.028161741719403,5.946946020111797,1.8575337644792402,0.292893543560954,8.91547153974744
7.655598279940146,6.49738788679198,1.9247102637723468,0.23443344919580947,10.350157321906341
9.527248482315821,2.8633919892600916,1.0771519721411935,0.29994114172378594,10.277927495552536
5.011708388594534,5.664841908985676,1.4628772577671358,0.2436383906343244,9.225931598794654
6.280361952107606,2.8867420999668782,3.8070813961481083,0.2896996200292954,9.651866741337354
6.104223425940476,0.7533853906095329,4.955862841591527,0.1723488827596116,11.351783072773975
7.3928325458908954,0.8271582674283813,5.316597425460068,0.07027591288081703,12.067639598982364
8.650596558646306,0.7609027558011201,3.0579759647512517,0.2968630482443271,9.14667043299521
10.400177455034063,0.48515277838847914,0.8174624722361509,0.08480456050450612,8.546336465604409
7.236282944640852,7.465204873139838,0.5494270637188154,0.2762587017650649,10.273892897839872
11.348247019394012,4.217853490374978,0.10584451024525698,0.25353990429124107,7.917904785806839
10.7686877067273,8.541281352746081,1.4980649930678491,0.29650270715033217,8.916752782917085
6.651993055699998,4.958109298533024,2.2120826341228748,0.288764062856866,9.700342749140178
6.249636613888876,7.823236567597306,0.7111832564048681,0.2975306469232379,9.762609917023507
13.168122123097461,0.6729473572699364,3.266616888054215,0.19388945567788554,7.68193909466601
9.434063211133179,3.6128829634346253,4.825818307797904,0.25313581881700253,10.533098267246903
6.737884608474373,5.161041770222974,0.7134507405203233,0.28389295863958014,10.54176661336427
10.431690062419532,7.959192338791496,0.30786440773549467,0.29439803312054097,9.80670847128232
6.764936065331187,4.820212611025353,1.3947433153576687,0.290700847326145,9.636416767153923
7.655598279940146,6.49738788679198,1.9247102637723468,0.23443344919580947,10.350157321906341
7.670235577984307,6.530447379150236,1.435639727731904,0.2969567630599081,9.099844167763038
6.696950518558644,6.4012007528871715,1.4691949728812241,0.22403505081252523,10.07813693207547
10.523022681845681,0.4725654691311427,0.3802728771535664,0.2676266917521415,7.789272118123758
6.898919245956134,5.964237379173233,1.3199173241176498,0.28004456625622465,10.19077169415061
5.497853391638804,3.4621449614424717,2.810400285274865,0.21389735393290993,12.121686515335327
13.555070284529963,0.588053890022137,1.071740785087013,0.19135954208143677,8.259081747623538
9.519515379363185,6.4318747968650385,3.0551042252000635,0.29414119719361526,7.806496455697777
6.24848666151797,6.1579438692807225,0.15142945833322874,0.289062948914697,8.126120311533388
10.56613306292765,0.6333849616636571,0.7731246654417747,0.28347354660820434,8.0068686027216
9.840684382630338,5.698184284265496,3.4992341752900185,0.27670284238005805,7.464489535932646
7.771685627390052,4.882064176146015,1.321415037955582,0.2995744681947965,9.551336032557305
8.700273532479972,5.02404144774709,3.210537164839843,0.27490522960703145,8.453275318112466
5.969914079831881,7.069110596111706,2.004794701510969,0.1965572448168923,8.899319710017407
5.969914079831881,7.069110596111706,2.004794701510969,0.1965572448168923,8.899319710017407
10.806183295706415,8.828497775027795,0.14163183156651127,0.23939315528947344,8.857018703720957
7.448144564217882,5.7426157187395575,2.7747029720802088,0.29814911834367336,7.11194470892827
7.275752378454977,8.913905340191542,0.9496742642158504,0.28004495231305043,9.415297158331672
11.401550344072415,0.7548163910135175,2.9771947194899653,0.2512288415390443,8.396236089577
9.527443649427749,8.904065111737397,0.7341211750270804,0.2531565614029312,8.471466749026227
5.917363250864726,5.7581645336080065,0.17541333536601422,0.29243478431049313,7.930237298204167
14.306147741197847,0.749205970688007,1.7631881965601828,0.2630125220865799,8.475173853609126
12.475780374961598,0.5505132753198223,1.6291898516531829,0.2067019868506318,7.3909443243355355
5.138523357689313,6.141178045023966,1.4629428225825714,0.2807155138644074,7.279380478278869
5.509613212510266,7.06264101035611,1.9235915654451108,0.2918162996208981,7.0226124453172085
6.7549592740820055,6.618426247276677,0.9321855179843401,0.2870703782488058,9.133788111798935
7.484043963005579,0.8379795112840324,5.586326265171465,0.11795790016332873,11.884280461373127
9.527248482315821,2.8633919892600916,1.0771519721411935,0.29994114172378594,10.277927495552536
9.060590292395926,0.4821899379584298,0.9375320583620086,0.19021061942886802,7.347916438590007
7.326512907497981,2.7826012871950887,4.52555769409493,0.24735926074939982,11.640603406521853
5.216672518619401,4.105298133510316,1.7012085223015199,0.28725156254275686,10.044627138922722
10.806183295706415,8.828497775027795,0.14163183156651127,0.23939315528947344,8.857018703720957
11.236140366303067,6.4901332231378355,0.2560822239002206,0.2732180276757493,8.666221578331852
14.418890757118099,0.169469435840508,0.3076056770994242,0.2527469067619747,7.954417582451526
6.643071964754347,0.8167788470311939,5.054609682398101,0.02105435887630109,12.023827185432978
6.281475836442645,7.442691003999799,1.7562115108878602,0.2550807534212233,8.976734259429673
5.389144068293516,6.211605391579086,0.8067233895176261,0.2694598868176022,11.181965241583463
13.031071190517407,7.052996531029359,0.24932466280829257,0.2837215537580538,9.257679867627077
6.0241826410003885,7.621064325384516,0.5304411158913155,0.2787447603937387,9.99502664823697
10.33431263773078,0.28178114754350414,0.38778951826008057,0.2611923640930202,7.626711382706443
14.63905217873278,6.207988616436925,0.1687954918014563,0.27934546165493784,8.134688903329264
8.841577987883014,7.568760647275118,1.3796192137674939,0.29760543254256844,9.085165162391343
14.51447215905578,0.6330870137222537,1.5941554229583697,0.011995736277233427,7.840357314483434
6.910121857838951,3.578645398895646,2.8757279974209995,0.2775413322257527,10.617626000129677
7.927314453712233,7.071751943279292,1.2585614601670898,0.2676387103925979,9.47500490091499
13.131991926548011,4.411112007817945,0.47126800228027443,0.2723913232049151,8.939938230022863
13.131991926548011,4.411112007817945,0.47126800228027443,0.2723913232049151,8.939938230022863
14.957231684442245,0.6931479776215246,1.5933918598298644,0.22811205188597045,8.42762465831862
5.219148809284389,4.988336795735267,2.239594230531525,0.2658318036909793,8.833982796347426
7.586009095486063,9.881573354294238,0.4809276284626054,0.2801038779827402,8.234893766047353
8.887996418013062,5.3554511346194005,1.5611560942960223,0.2898898958815125,9.18064808598154
11.957559014820802,3.878463661322038,0.38783955264842135,0.299474061265545,9.462322461507151
13.131991926548011,4.411112007817945,0.47126800228027443,0.2723913232049151,8.939938230022863
14.898700953523743,0.7335344371219596,2.486048883582897,0.29093832147678356,8.397782458830067
9.89500063604197,5.273360780078263,0.2372859006194683,0.22981256245199888,10.1484822708349
6.428092009422178,4.0346642637753645,1.788278729497453,0.27443034466201327,11.44166150596823
6.222138783062805,6.838067005777992,1.6643686309933325,0.28755021124126107,9.32427353486033
7.21677132388993,9.38874663318641,0.5367315350837315,0.288894404163305,10.147639044132005
6.222138783062805,6.838067005777992,1.6643686309933325,0.28755021124126107,9.32427353486033
8.002996823867491,0.7746233818307524,3.58903612100831,0.2893625616402712,10.395793309987027
11.297820683111988,9.970620328621457,1.0717017027712483,0.2676593957410601,8.51086227823502
9.617026735003458,8.799559338230655,1.7048483862620558,0.2955382813792215,8.69466807654229
6.004775585804624,2.1847082474689032,3.352647411439378,0.28881581631805847,10.517537965907826
5.647558212021714,2.4469553747061417,3.1790861367361174,0.2683394566915529,11.846973439853723
5.330936741905338,6.687639428979321,0.21741697421542638,0.22328651827141932,9.92335387983901
5.7950678349695215,0.7861044938297073,2.5910824617470065,0.27266861164311385,10.75179558451425
7.081228190344321,0.7442661043578058,2.373337031059945,0.25225623512264217,9.028131169860826
5.271269384591396,2.036442240181624,3.68423040629329,0.2546661911373645,11.016185710891557
9.040871615035707,0.8011632111700178,3.852575567192452,0.20476619783911695,11.420786227355281
8.35691259757856,5.416286196977627,1.4205443828061346,0.28985933925835583,10.389315159432565
6.764936065331187,4.820212611025353,1.3947433153576687,0.290700847326145,9.636416767153923
5.695904514225673,0.7706494935459203,2.361774248176908,0.24597173318814056,11.406227477449265
11.297820683111988,9.970620328621457,1.0717017027712483,0.2676593957410601,8.51086227823502
10.16694210394951,8.461328002108976,0.24146479735609028,0.24962842010435116,9.752011990315765
13.688458755479312,9.675079630678521,1.4245331151327782,0.28926683888811044,8.98227403581034
6.494208616988875,2.9652979005134252,2.8777815131466054,0.26177732145375393,11.461750984542455
6.218505044822192,6.865405162886176,1.867517964556431,0.2529367129504547,7.293820951835125
8.896273095975472,2.295392879936159,0.41444442008313753,0.28151487947518244,9.489212402515395
9.111330699941183,8.35542640379774,0.294392343918737,0.24128787175321081,9.113499899654098
5.6578834065128625,2.6280603409243852,3.156719284867252,0.2715677206104013,10.871868887224217
5.201363593003434,4.593951210573824,1.61176202726194,0.25187896461715886,11.362243227808786
8.306990391306112,2.3100490265686426,0.46561738822641086,0.28773030275658634,10.233992305648837
10.31165173408694,0.7259494303499251,2.4279300891189783,0.19366527648062665,8.740565909626149
8.842008006575558,7.988166459678031,0.7019605444374999,0.2910695087681997,8.69623109662299
13.466442523797536,0.40667205712418014,0.6844980208127625,0.04328873548926668,8.33522595622989
9.111330699941183,8.35542640379774,0.294392343918737,0.24128787175321081,9.113499899654098
10.09381646339947,0.8063538656100858,5.499831069842327,0.2646192587850244,10.721974526173765
5.004957105926784,8.767785541731978,1.340375463866525,0.24666269257497211,8.557069140045344
10.16377154469128,0.5103826314508204,0.14164977306867232,0.2674699765547144,8.66633688665442
5.676787013134037,5.230863705122562,1.626090166388865,0.2955101176524916,8.970981146763414
5.0308687796477525,6.9617131144118,0.33860473718185957,0.2705984174186576,9.89130777372979
10.790050990830983,3.8781400560893724,4.573369039760289,0.2741320562094948,9.28243039646797
8.206531698233224,0.3281770012973768,0.22976339629133852,0.2055366179792138,9.379577423830723
7.763477715223238,4.925476526564826,2.516450199564442,0.2907823221672405,10.219274847023994
5.400109444632489,9.00851951393269,1.5597709977439849,0.20000050843506909,9.004345752700068
6.274663232363762,5.598915473492857,2.0464130874310307,0.2845213935945609,9.320463621257867
12.250492184985708,0.10251121088629767,0.33382902373850143,0.13135224899723652,8.158714606544507
5.173289619199464,4.396082013205777,1.5212797032430436,0.2744580265864438,10.075093237615404
12.429978898128528,0.7076014047509532,1.612211820770913,0.11259703034489105,7.951549551397786
12.914092051044337,0.7358505492602387,1.8626654399491032,0.1967765315693063,8.215589579813702
6.294610750891749,4.730175810989632,2.3597738509110813,0.22146544859386652,10.800487585575164
8.026191623577956,4.114852976511748,0.6436014279306576,0.27968529624546273,9.823968354608
5.68182139268117,3.9482088578485857,1.7478799578366888,0.28789170814412757,10.518322180396474
8.51960810959572,7.182134957319301,0.8984275778296897,0.29605298103993066,9.067683381329331
5.915368954924537,5.638540257204552,1.8539419616609463,0.27794176750240934,8.210078691214482
11.589328881637188,0.7101787916665511,3.7717550746190414,0.1566217978768253,8.301873137907936
8.249183419840728,0.7648284534481742,2.5509817411180156,0.273001050545976,9.377933476667376
12.319533294079099,0.7009952568471367,1.8795750247536727,0.2555899788867989,8.278151276401264
8.230393030709626,0.8239557431003486,4.116631717570328,0.10024087511312954,11.285353316587361
13.527414337827198,0.7262911275338789,1.9270332002189425,0.12059814655659447,8.001429308870243
6.379225007294307,8.51355115329043,1.734894601661802,0.2994066035349692,7.33597997494439
6.822122153980992,3.4885212609406904,0.847261600707073,0.2976764704349919,11.331841569271406
8.511194616612793,0.7733174591776272,4.58390319826321,0.07602594659840142,11.417587842779191
6.596029582230789,2.687516723274992,4.329072386749778,0.2585678816931983,10.014410890391934
9.058719855356907,8.048268419658921,1.3889422786700982,0.29896977991073065,8.767891580545369
9.145232537741373,7.758770464266421,1.7238514614317206,0.2725131319336626,8.909552814135695
5.310299250380648,1.2915913471194964,5.36421818856011,0.2859676016684506,11.940726042687881
9.135383224524956,0.7714483686744652,5.641245257565304,0.13788856882831,11.198303675985967
11.255946478700272,9.616113330843728,2.215612403468051,0.29282058186481524,7.490459975300355
6.415226876207596,9.066309518365225,0.9386134128416889,0.2887876460553537,8.656747641900376
12.910746133061627,7.215599922426236,1.0631965763118008,0.2775599013791173,8.792443319133843
9.85723210696995,3.538144477497925,4.957765097908642,0.2865278877089251,8.886632868112628
9.693753570466459,8.791902472936014,1.76789410588226,0.29289615051258583,8.424409226042638
8.981275142928835,0.75279989929344,4.661816405788482,0.15634486739772285,11.803514046715204
5.388263896493394,5.851697912515651,1.5163668965456112,0.23468001123307156,10.496330110548275
5.853455831088,8.92750011437724,0.7554675532398032,0.2661805724320745,9.326728908789807
10.657307484005974,0.1750962598338801,0.2715701352022202,0.28293676706821214,7.022206532183169
11.397904928634404,7.632005526902246,1.5454830664748884,0.273417488504769,9.077748038686188
7.327130694294438,2.7231443034269582,3.9470522583886503,0.2970958097152822,10.78286773264059
10.99618930549841,4.962410947465992,3.8207254033541487,0.28054481761718203,8.473529039446852
5.227030930966471,8.852497588658919,1.4720938951751323,0.2713975324905964,8.261464230594822
8.375387068453959,8.506088784282081,1.7493730171466557,0.2891430046589801,7.782107905675817
8.8347852786871,0.7367993388663372,1.6815616037779058,0.18070062844891444,8.322835288134646
7.723050494946201,2.735820759996222,4.3300312662697475,0.27305114106498773,10.622024390015115
8.63265659463268,0.8076690061271772,5.160031147343551,0.15945063379640287,11.273673837258743
5.105742440442098,9.761635304974707,1.0199483118623454,0.279640917121898,8.58814238626245
7.586009095486063,9.881573354294238,0.4809276284626054,0.2801038779827402,8.234893766047353
7.347623998348411,0.7877415500139714,3.721256020452501,0.22529770998578597,11.714322393365224
9.410074591452046,8.545802996694345,0.2735734230233069,0.2448277876850957,9.408935664697616
8.341509009883405,9.347755368253654,0.19349137647395032,0.2950043396814902,8.886641316881153
13.731954700203602,0.5334223633830614,0.7865344049804548,0.0779347660500166,8.072284824280816
10.831900314247909,0.47510475598613944,1.195843753326623,0.20518646755864364,6.990235844169196
5.885292536465376,0.5539737031432503,0.40756652081021016,0.28914819139058245,9.893476992249607
5.2380609514061,2.6218712635087478,0.350597401140161,0.29252035484389516,9.157407925245181
8.843833296007142,0.5148219686857718,0.4548912336888013,0.26797662743219036,8.633840528808275
7.209889299948892,5.288028065307133,2.3110701572422014,0.24839927388809915,9.27789256263773
5.375245190594713,2.1857746381148013,2.9882761430373357,0.2578333143672382,11.651616982348282
7.226506495990273,0.3675589336025369,0.43160187362511815,0.27279412956810584,7.271034952368344
7.018456275023324,4.154556745511102,2.878927183335541,0.2415631875050304,10.546831354007297
9.988760353070461,0.15149187652536755,0.30099452388953984,0.18798792490928204,7.333252217116943
13.15360640939591,6.782715884512165,1.126080493985237,0.25934418278220245,9.173075107175375
7.120073158423402,0.7620804289110251,4.907704953424656,0.0771062429717794,11.696065660233419
9.007224798569847,3.3448772253710266,4.494471076249413,0.27344658334851873,9.054128084475769
13.23171839050013,9.741685001546404,0.7094441236234281,0.26246304507505314,8.380841488494445
6.495744383244281,7.990128621893011,0.6349891635692625,0.25425614879090175,10.645038061532624
6.980430110861756,9.239011860352253,0.5803653215233084,0.29907680966317346,8.646475386006136
8.927251579769239,5.451288682051072,2.517552592304033,0.2965849548594625,8.338041308872352
8.002996823867491,0.7746233818307524,3.58903612100831,0.2893625616402712,10.395793309987027
5.68182139268117,3.9482088578485857,1.7478799578366888,0.28789170814412757,10.518322180396474
12.372366195363654,8.749598804644435,1.4786248894125404,0.2558687612555125,9.538474492108083
5.116085782153416,6.61305545424635,1.7417159475549036,0.24826508705110048,8.446006856569152
11.04335893119233,0.8143314928977893,5.425960741885649,0.20754339062983038,9.10820346224805
7.771685627390052,4.882064176146015,1.321415037955582,0.2995744681947965,9.551336032557305
5.499346051065311,1.9152308180433164,2.54504300821879,0.28834228621799957,11.953643541716428
11.38670639841829,8.474202783083573,1.2671294721593245,0.29785384095611495,10.185256923413377
14.651108276134774,5.42629733254402,1.2237271775163272,0.29642957890518135,8.734256128624706
12.238372485021248,0.4974718930180962,0.7348485773218456,0.11917988831157314,7.948440176619847
6.075748495123559,2.76784874051338,1.4922914065515962,0.2547108841246696,13.014888092600193
5.520527738667372,9.68688853027155,0.3369906700310612,0.27180322885743835,10.458035514310842
7.824518445348389,8.975506088420811,2.063541224884221,0.297488729430382,6.938741480384866
8.375387068453959,8.506088784282081,1.7493730171466557,0.2891430046589801,7.782107905675817
9.082903394428016,0.12578638397180808,0.3690879096842632,0.09757878308667288,7.892172030062734
14.898700953523743,0.7335344371219596,2.486048883582897,0.29093832147678356,8.397782458830067
10.09381646339947,0.8063538656100858,5.499831069842327,0.2646192587850244,10.721974526173765
7.382022675810172,7.002076293022339,0.7894903445484351,0.2981904081784867,9.112986307292918
10.951046861152621,0.7645769005651024,4.334425030829851,0.28138426823475265,9.815868400280422
5.497853391638804,3.4621449614424717,2.810400285274865,0.21389735393290993,12.121686515335327
6.384333310965292,4.302778674157453,2.150089228977964,0.282572647281685,10.004110101947237
5.497853391638804,3.4621449614424717,2.810400285274865,0.21389735393290993,12.121686515335327
12.842595262527636,2.3275099235377605,0.9041880998874995,0.2838178462710499,9.40853640793261
6.5819165308791465,3.6694138405975094,3.1634138503952185,0.29916807616975544,9.541870563313028
14.389658116945288,0.662965491761643,0.8372717151835172,0.2783463807253259,8.536382511023502
13.518125557531377,0.15979187334223022,0.41475577496886373,0.11568236739401351,7.70267161089352
9.926867346159026,7.077784376969646,0.2158797242377341,0.2903365561848887,8.135575995773593
13.967688623069712,0.4435268983400772,1.0556259459472337,0.2678688369303527,5.992740137545622
9.322954199508427,0.528518662795779,0.9274012734530968,0.05035888021243095,8.496994277573798
8.002996823867491,0.7746233818307524,3.58903612100831,0.2893625616402712,10.395793309987027
6.076953834917561,3.963102468600762,0.48108729334841754,0.26373002681214325,10.634685339928344
6.651992625696451,0.8051357450923429,3.1818538554223106,0.24475376732154455,9.725330971350344
8.794640671194815,0.8118693326715503,5.753120387074642,0.03549522332373091,11.030115698755791
8.58735605810804,0.7888135845707368,5.770674342501328,0.024038755098332767,11.508937655094762
8.67707605091221,6.748921362303788,1.1517800386734725,0.2795944235657627,11.585361532544297
5.845773291232727,0.34540162803958463,0.1476229867695672,0.2525114676558037,9.950528505197676
10.977437017450708,5.059211617093139,3.0877478454038796,0.28712384505117833,9.629095925983693
13.50387087703885,0.33379269717577353,0.4996406077733695,0.06462198933614588,8.211155141534707
8.89986700081783,9.477919782098194,0.2815192753691315,0.2804149627048043,9.18355686475113
9.428409464155065,2.883684015768252,4.281877317640223,0.2855707521947059,11.037594698660603
9.55575285366273,4.96685424048818,0.4032504326821271,0.2993223845798283,8.858830204954808
7.52715035653269,4.343064732123123,2.9491866785024348,0.24643153933171918,10.791381309970122
10.56613306292765,0.6333849616636571,0.7731246654417747,0.28347354660820434,8.0068686027216
5.610032752344755,5.97022382434745,1.5518172478471637,0.280346507551912,9.312683864798224
9.58761352770138,4.698704766422365,4.227272019111359,0.28854294170971273,7.049562687084579
12.65081292900011,0.35415401779567135,0.6749433153732456,0.18590475818718277,6.992788954426985
5.094411074580095,0.7518094590498094,2.6504448059881973,0.19033512563880842,11.072189311194961
14.51492446026782,0.5466891305664707,1.0382898710048512,0.03919296107170914,8.318178521485224
7.053392157154705,1.506431259899032,1.3906807421509144,0.28885574066295183,11.689074282767855
12.028815285151014,5.29512397808242,3.6756385662377267,0.29255191665406877,7.938141484459649
7.275752378454977,8.913905340191542,0.9496742642158504,0.28004495231305043,9.415297158331672
7.390492038123249,6.133125489267256,2.2420162050300947,0.289116288211205,8.884313911120424
9.527443649427749,8.904065111737397,0.7341211750270804,0.2531565614029312,8.471466749026227
5.612395745839424,1.4426598270441724,1.0456725590705582,0.2815116274484814,10.795057070512309
11.82633787167504,8.786555446948604,0.221045076990536,0.29500853571880364,9.732315869090018
13.31324910912171,4.465599987157996,0.24737246802775303,0.2788770450377581,7.56127595804764
9.86206488840448,8.469264702007395,0.5816976989675001,0.29160243933405094,9.822343667663219
5.499346051065311,1.9152308180433164,2.54504300821879,0.28834228621799957,11.953643541716428
5.346196068031649,4.891260860958681,0.3319339664276628,0.236334549741539,10.345014440315397
8.843833296007142,0.5148219686857718,0.4548912336888013,0.26797662743219036,8.633840528808275
6.983041394771488,7.78958371854621,0.5410071021313194,0.2810980397406132,9.908138733048741
5.7532173056022895,1.8980420941427854,5.271016716068871,0.29526408838259643,9.859341639444189
10.564972130017912,2.3610888841260342,0.3234963111209629,0.2864321286732458,7.952056241129656
10.944946049132948,0.7739815387402782,3.6886290223074774,0.2535514160184213,9.478226865236921
5.491775424755468,3.1049618895541733,2.6352696687847668,0.2775036330964852,9.605861912872337
5.310299250380648,1.2915913471194964,5.36421818856011,0.2859676016684506,11.940726042687881
5.502837286098272,1.9065091501333247,4.39801927395089,0.2895790748584861,10.461145579228775
7.3928325458908954,0.8271582674283813,5.316597425460068,0.07027591288081703,12.067639598982364
9.58761352770138,4.698704766422365,4.227272019111359,0.28854294170971273,7.049562687084579
11.343461698424736,9.622509265685443,1.8592936539494138,0.2599511067868767,8.723079973466227
5.094411074580095,0.7518094590498094,2.6504448059881973,0.19033512563880842,11.072189311194961
11.036205699495671,0.36740669099298795,0.1820730288939208,0.2784084755989991,8.46697307633402
5.845773291232727,0.34540162803958463,0.1476229867695672,0.2525114676558037,9.950528505197676
5.445817981865688,2.541102346731913,1.70456092268154,0.23654208046583947,11.738576106661641
14.352783948848597,1.193612328493873,0.1965185444017885,0.2589417400252219,7.7274648977758975
11.530589674757156,3.7681062078425605,0.1925048013146009,0.2660633052356195,7.900518504314183
6.128304589193362,9.044580655928845,0.5648145846681325,0.24286789336206852,9.722238161883915
5.0195734583031575,3.1242932135105583,2.246316145370976,0.2642936503204259,10.231390723974181
5.628188957745082,8.86269290397578,1.6041278892891602,0.2853168147040114,8.188451612278502
12.626637405979855,0.615968916765868,1.1203194831555854,0.2030355642234883,8.283744304431334
11.41219985689279,6.218485944929488,0.4212296406079816,0.26587208861163003,8.662914347511439
5.424010042799181,3.6986619737992283,1.5683599932414798,0.2969982537671071,10.42494539232213
10.79215490347511,0.4805381942238591,0.5464410647889775,0.2290888457953993,7.651321037515555
5.330936741905338,6.687639428979321,0.21741697421542638,0.22328651827141932,9.92335387983901
5.592176065179347,5.573564080555588,0.9575597027408558,0.29564444952851604,9.15842257754876
8.132986855272222,0.6848950094078124,1.6567214017910452,0.16923426961396407,10.151591803611076
9.172725206249943,0.7299866481269319,2.428847824946381,0.26091983063674046,8.881726264526028
5.602733723781906,7.969269260624445,1.428360691591438,0.2321341818803067,10.051091491858138
6.5730454846623445,5.366862960421016,0.36361237343810004,0.2914216083260591,9.17847049528183
8.159812692155205,2.650656602064537,4.289647518756356,0.2959299584810717,9.774837473072354
5.738960036167396,8.376619622774577,1.7191745697339795,0.2547027778149782,6.842013915485309
11.891312112118538,0.5531117159808623,1.259762685864038,0.24373158241159865,7.607443836159201
14.308837547263416,0.5584978021282444,1.399002095835646,0.1398883722487838,7.480301327349682
8.517697532095927,6.7978476962878815,0.2821919369114425,0.29343262048319335,7.831933290106196
5.983758968185795,3.2342871929678174,2.5708806685148327,0.2604766107212073,10.80778620268514
9.663800989944871,9.259819832221874,1.778929771447432,0.22591199917869495,9.636922654379886
6.906467268767586,4.594478543334243,0.4122397216893725,0.2974803385057635,9.180847810201128
6.91158126306868,4.447834901798636,2.8419751563380413,0.27132416202787846,8.610267612338744
7.763477715223238,4.925476526564826,2.516450199564442,0.2907823221672405,10.219274847023994
10.806183295706415,8.828497775027795,0.14163183156651127,0.23939315528947344,8.857018703720957
6.147005263717499,8.700428670911565,1.0519176793903442,0.2777131258711756,9.295179575942118
6.1050532277639995,1.8453255681505285,4.362039806164082,0.2875595646351944,11.125437765756338
8.325468813112305,5.716168137292285,0.19641261095336393,0.2916637769658155,7.951008091389796
10.09381646339947,0.8063538656100858,5.499831069842327,0.2646192587850244,10.721974526173765
9.58761352770138,4.698704766422365,4.227272019111359,0.28854294170971273,7.049562687084579
9.505728627687967,4.070380414812486,0.41004572072022527,0.2742499466280607,9.542532708508277
6.871541514423768,7.452461444633305,0.35082515579703244,0.2976802000796871,9.315681206022324
5.499346051065311,1.9152308180433164,2.54504300821879,0.28834228621799957,11.953643541716428
7.824518445348389,8.975506088420811,2.063541224884221,0.297488729430382,6.938741480384866
8.657054821725396,4.856992920078087,1.8066526142625188,0.26924285947183574,10.277400953788963
8.532656994710178,8.62611608336911,1.0899374616863895,0.2999246540121535,9.038903822342043
8.841577987883014,7.568760647275118,1.3796192137674939,0.29760543254256844,9.085165162391343
5.90931126367154,4.059050260260201,2.1261602944945226,0.2701969780384092,10.156037698910216
6.568039942301612,6.23219250420016,1.2442603975860378,0.2860366479496494,9.583224298599125
5.339108150990002,4.695573370382821,1.1719490505081749,0.2895421179824565,10.215637105576562
8.942693281818396,9.948122204448017,0.1410268255640197,0.21007944121328664,8.972740675001003
13.374218989337216,9.996680728351832,2.763552701982357,0.24874886854635503,7.6874278460302365
6.477258339786709,3.9612155683162866,3.1440715515806423,0.2022719889533933,10.807487526508485
10.537807771359677,3.493948511637023,0.18278125002208845,0.2754777687005116,8.064846522317122
7.257577528537285,0.8425816414434322,5.861811552876426,0.154129430477843,10.899551869976968
9.528798295258005,9.27033894918205,0.1358987871921717,0.29645260736257883,8.04696777796177
8.376478511159991,7.91236782166719,1.0215576185515047,0.29353051633002447,9.138662024049824
8.348802161066546,4.917340240987635,3.1868884322675477,0.29930281314928864,8.068399271578013
11.482012894149182,0.6763138615667943,0.5502685077047778,0.25724632568582745,8.482460346999789
7.0836942094629185,0.5659954480759145,0.754064760452757,0.23252184405648757,8.799834692221422
6.128304589193362,9.044580655928845,0.5648145846681325,0.24286789336206852,9.722238161883915
8.236688335250308,1.2150273934339206,3.4872086827250164,0.2835870848173094,12.512368108107975
5.197707918301201,3.791382950240801,2.0783068803147238,0.28237487999126354,8.950538828230565
7.918163411179833,1.3339158967780094,0.2060461141696133,0.2959305276891395,8.548374530798634
5.725193957018294,2.2642010861677657,1.7684731617915177,0.2946858060040994,11.740294519502006
9.406717671307426,3.674622299471039,0.8501636307298963,0.27356977361157936,9.327086332205463
7.194520504580998,6.7036922513618045,1.754955793578542,0.2611401790990468,10.426197309620706
10.951046861152621,0.7645769005651024,4.334425030829851,0.28138426823475265,9.815868400280422
5.3735515011343695,7.227910085539822,1.4460344368662885,0.24893839014751604,9.459236451862486
5.271269384591396,2.036442240181624,3.68423040629329,0.2546661911373645,11.016185710891557
6.103294439177239,2.7084124954116335,1.8845727774183885,0.2942177238094457,10.053796006143603
6.365493382351978,3.754691286022208,2.5508222680415056,0.2671631560327473,10.050480675584021
5.882451059810435,2.346857161467533,2.2020415421948463,0.2431839683528254,13.402123355482281
7.105747018915683,6.077560887992745,0.3540496494995671,0.26635110544325524,10.39658934733327
9.89500063604197,5.273360780078263,0.2372859006194683,0.22981256245199888,10.1484822708349
11.343461698424736,9.622509265685443,1.8592936539494138,0.2599511067868767,8.723079973466227
13.131991926548011,4.411112007817945,0.47126800228027443,0.2723913232049151,8.939938230022863
5.873747133384493,2.3733101299209105,3.409926520330676,0.29118027031710436,10.904295780155758
7.21677132388993,9.38874663318641,0.5367315350837315,0.288894404163305,10.147639044132005
7.415245919410783,2.0668982237584905,5.667039341523664,0.29375762861648697,9.890836516007878
12.372366195363654,8.749598804644435,1.4786248894125404,0.2558687612555125,9.538474492108083
13.007592146886045,6.286368046070595,0.1291566978561774,0.2987400563319779,7.463188224715459
5.95459658070347,0.6936573991716108,1.94921980863871,0.2992595714295701,8.072149365580033
6.76056216051083,9.76857624514005,0.2864679977827358,0.28399334339320426,8.935167255767292
6.927826435022039,0.14024691048597332,0.18462494241121197,0.2295424916091018,8.822393148818037
10.431690062419532,7.959192338791496,0.30786440773549467,0.29439803312054097,9.80670847128232
13.534583218260018,9.19507630057101,1.7656057481818903,0.25561782598355326,8.244702125058346
7.067963042419939,8.154606131312555,0.7797676527493045,0.2881167105986935,9.660071065529346
5.766224963426965,5.51996478151004,1.6488370462695872,0.28169252173271125,8.3741541671515
7.037692286379188,9.036239869796807,0.4877762613727373,0.279759005319877,8.721476524056396
12.250492184985708,0.10251121088629767,0.33382902373850143,0.13135224899723652,8.158714606544507
5.68182139268117,3.9482088578485857,1.7478799578366888,0.28789170814412757,10.518322180396474
7.082014014238007,5.250884818931088,0.7793840497113393,0.2925782286441687,10.00508903435097
6.801987862598812,3.7689527824452607,1.7242799630261914,0.2897133906405991,10.161883793285757
12.836967731764188,0.6630203451842016,1.5263704163501324,0.22735711954526047,7.787363496150382
14.414967324963094,1.7719710381053837,0.2742360483437001,0.27562577576113334,8.297191614036084
12.09190916291986,0.7703447694938971,0.3861545604949189,0.2938644289664406,9.105480040273394
9.507170782116136,2.0071307071561635,0.38115984936578573,0.2809946843726676,8.376270853090787
5.674107229758179,3.4749197488229377,2.7070351972203905,0.2736757278774514,9.624209793873682
6.3254377279038705,5.48683374805132,0.7384261364235398,0.2354055522775223,10.45639534152019
13.031071190517407,7.052996531029359,0.24932466280829257,0.2837215537580538,9.257679867627077
5.168500123083532,2.4087339977090765,3.038002182844756,0.2947577305194344,12.266767744084172
7.5333962098886085,0.7103229430435019,1.7397724975886086,0.2771228243405398,9.383924447035637
11.957559014820802,3.878463661322038,0.38783955264842135,0.299474061265545,9.462322461507151
5.0468211313338145,6.950192138867989,1.0188302984373132,0.2973986360982927,9.035606045987867
8.842008006575558,7.988166459678031,0.7019605444374999,0.2910695087681997,8.69623109662299
5.785702097709328,3.869505141445928,2.5177297600717052,0.2840724500054919,9.51640773546167
7.004517871402992,3.3332666006741043,1.8067365841013048,0.28764535287358695,10.618475105378263
9.45999038383056,0.3394618043433732,0.4374795084398855,0.18679176672467013,7.902259956402599
6.5819165308791465,3.6694138405975094,3.1634138503952185,0.29916807616975544,9.541870563313028
7.438906252956241,0.7688076436522633,4.027586155264644,0.18066134091621933,10.527451711604378
8.05952475254241,3.5133916554110938,3.4762948773687725,0.2724398695715575,10.70812409277303
5.9310041160985545,3.179341187852894,2.906802460443127,0.2670812951230057,9.296267712661066
5.400109444632489,9.00851951393269,1.5597709977439849,0.20000050843506909,9.004345752700068
10.377567132308481,4.831525311229783,2.8061122858079313,0.2892605793038365,9.357562201829364
6.596029582230789,2.687516723274992,4.329072386749778,0.2585678816931983,10.014410890391934
8.143386432319204,0.5340370671044108,1.233709395095953,0.24573984961464587,6.296086906099904
9.007224798569847,3.3448772253710266,4.494471076249413,0.27344658334851873,9.054128084475769
8.887996418013062,5.3554511346194005,1.5611560942960223,0.2898898958815125,9.18064808598154
5.748056513339116,4.572820410465328,2.163544697933244,0.2672717410610784,9.137460960062995
8.339431459175444,2.8291683431247874,4.28538097603204,0.287797685121572,11.155387777429654
6.898919245956134,5.964237379173233,1.3199173241176498,0.28004456625622465,10.19077169415061
9.168644099165666,0.7729656220608419,3.8215918368838544,0.2359297862418251,9.385520244617815
6.910121857838951,3.578645398895646,2.8757279974209995,0.2775413322257527,10.617626000129677
6.240715649751695,0.6793740630571111,1.3526592773020627,0.19071749737534616,10.203292786409548
6.409545581706775,7.6079608366848674,1.1858737663180006,0.2782128412101621,8.54734409733681
13.00939036141519,0.45651883045771435,1.0763947541051868,0.0958411573705301,7.649499309352265
5.138523357689313,6.141178045023966,1.4629428225825714,0.2807155138644074,7.279380478278869
14.507831709849466,4.404153274559559,1.0028053476898084,0.28184367062036086,9.279333384720706
6.102674999407856,8.557089953264876,0.19583270149186705,0.2683780347819655,8.945854541100426
8.265066290228415,6.764144453435784,1.417750705998904,0.28098505224487463,9.305406573388277
8.483090524101026,5.46469148623229,0.5244998252293791,0.2858308594671909,9.321026307664397
7.011172348089422,0.7785521516366578,4.3373362915396365,0.04831499954265697,11.948715585422322
14.108945820776722,5.918900159316835,0.6337968353599147,0.27948276796186877,8.860477481255367
12.865838033268194,0.5811887706800636,1.177363753196785,0.28164160380406833,7.900638064152867
9.843135934782088,0.6441989551287585,1.0413147975806063,0.193012425728352,8.299111128676499
6.902219168226869,4.606952056106484,1.2883071930701666,0.2759942942259089,11.760733860817796
11.670344518447317,0.673968218452714,3.655020866558814,0.24888373207225578,7.3213235306753965
7.194520504580998,6.7036922513618045,1.754955793578542,0.2611401790990468,10.426197309620706
6.494208616988875,2.9652979005134252,2.8777815131466054,0.26177732145375393,11.461750984542455
12.533028412648198,0.8260174205736752,3.703371996292897,0.28228364743263146,9.207982247104699
13.007592146886045,6.286368046070595,0.1291566978561774,0.2987400563319779,7.463188224715459
7.551601016666043,3.8838972078505414,2.4484332085115748,0.29034696024940704,10.18788493771213
8.842008006575558,7.988166459678031,0.7019605444374999,0.2910695087681997,8.69623109662299
5.986947632163411,2.0937544347972294,4.437785709189384,0.26393913364709287,12.128139594430374
14.603275182313554,0.6390796234101369,1.1841828843496573,0.11596804655858473,7.420918356924697
10.335539421781753,0.6113409148853823,1.4159967445547414,0.20519597277498955,7.969012063987669
6.240715649751695,0.6793740630571111,1.3526592773020627,0.19071749737534616,10.203292786409548
12.626637405979855,0.615968916765868,1.1203194831555854,0.2030355642234883,8.283744304431334
9.404167724817825,0.6152984638783267,1.3113650508050685,0.25957045558103603,7.806375325375747
5.325931105741547,3.2618248472308697,0.5135886997349691,0.2967110187173397,9.738852094102871
8.58735605810804,0.7888135845707368,5.770674342501328,0.024038755098332767,11.508937655094762
8.83953385353659,0.8311337361081637,4.644251437574808,0.23712788083909392,10.34986692490307
10.99618930549841,4.962410947465992,3.8207254033541487,0.28054481761718203,8.473529039446852
5.735017927326655,7.456699706725316,0.9618634145046685,0.25010512235661686,9.84137678652167
13.441022233577556,2.3801472414437077,0.2777457452441211,0.2904192266947047,7.377443736021617
7.826016859859422,0.7527804499215487,5.990463269100896,0.05586244455559831,11.255148734086422
6.91158126306868,4.447834901798636,2.8419751563380413,0.27132416202787846,8.610267612338744
10.977437017450708,5.059211617093139,3.0877478454038796,0.28712384505117833,9.629095925983693
8.942693281818396,9.948122204448017,0.1410268255640197,0.21007944121328664,8.972740675001003
8.136485118543327,5.537495891540638,1.8268782127033698,0.2962452555887215,9.508786080742007
5.828172421252518,2.9289075225745087,3.239480199534362,0.24079973481755243,11.337117423208992
12.372366195363654,8.749598804644435,1.4786248894125404,0.2558687612555125,9.538474492108083
6.039674768830573,5.77092192568756,1.1003098772289133,0.28387421064953766,10.015221239442436
6.477258339786709,3.9612155683162866,3.1440715515806423,0.2022719889533933,10.807487526508485
5.364183786414462,2.576301619982736,0.7125953273253004,0.2944611664730041,10.324682671566482
8.547027705752134,2.9910611974412147,1.3349709539632015,0.2854523798320816,9.712468115256122
9.675508971147115,0.8088967416257589,5.7227199157626805,0.14279102734969915,10.496897187686821
9.111330699941183,8.35542640379774,0.294392343918737,0.24128787175321081,9.113499899654098
12.319533294079099,0.7009952568471367,1.8795750247536727,0.2555899788867989,8.278151276401264
8.46501631543854,6.948061438646357,2.3187716021581926,0.2834556318190753,7.443240620918442
10.79215490347511,0.4805381942238591,0.5464410647889775,0.2290888457953993,7.651321037515555
10.442408644354796,0.44321117358206275,0.802588213295339,0.21370276812504613,7.395914207593949
8.77028323653121,0.8381336589462638,0.8029752752008479,0.29316576374150055,10.264508908684137
5.497853391638804,3.4621449614424717,2.810400285274865,0.21389735393290993,12.121686515335327
5.168500123083532,2.4087339977090765,3.038002182844756,0.2947577305194344,12.266767744084172
6.983041394771488,7.78958371854621,0.5410071021313194,0.2810980397406132,9.908138733048741
12.157299509100202,1.2300253543986757,0.9652097393475108,0.28068880189822304,8.759672814821993
5.168500123083532,2.4087339977090765,3.038002182844756,0.2947577305194344,12.266767744084172
5.27301661169165,4.663679091576627,2.1403733626609065,0.23744619296777417,8.621107631386556
14.468935626524793,9.234703892298711,0.43285298630197017,0.255937392114711,8.804024162409018
6.651992625696451,0.8051357450923429,3.1818538554223106,0.24475376732154455,9.725330971350344
12.765789152736778,0.5449185993482696,0.9575531741184697,0.19363676656223058,6.938768036895458
11.397904928634404,7.632005526902246,1.5454830664748884,0.273417488504769,9.077748038686188
6.4171604040593095,7.1795847063856,0.6634803996932155,0.29779831886259056,9.13391772386483
5.2380609514061,2.6218712635087478,0.350597401140161,0.29252035484389516,9.157407925245181
5.325653239327962,1.642672451250635,1.9975298741498078,0.2815268404140638,11.379652051851629
6.596029582230789,2.687516723274992,4.329072386749778,0.2585678816931983,10.014410890391934
8.794640671194815,0.8118693326715503,5.753120387074642,0.03549522332373091,11.030115698755791
8.026191623577956,4.114852976511748,0.6436014279306576,0.27968529624546273,9.823968354608
7.195609757170359,0.8459896414545942,4.76990043894018,0.16761076327122526,11.692903082475679
10.407136165007502,9.230941229205303,1.1498945806362717,0.2608654774541183,8.115126930308781
14.674336976919632,0.7268478516648015,1.8953674049898828,0.20775690952542378,7.735518108375533
8.887996418013062,5.3554511346194005,1.5611560942960223,0.2898898958815125,9.18064808598154
5.463852823099838,4.058794269289685,0.9651208397811881,0.2749975145956199,10.511936633834276
6.973345842821733,9.409634836672419,1.4961513444613483,0.277376344703713,8.53495845550085
5.845773291232727,0.34540162803958463,0.1476229867695672,0.2525114676558037,9.950528505197676
5.853176116679514,0.8289867949442602,3.803137079730327,0.19864201335573195,11.31460176047505
5.94323274363346,3.0841052783885337,3.572790029761975,0.25265566980280024,9.28599113329181
12.306646656668327,0.6975150161572374,1.7453071034814425,0.23487888155389466,8.074868768471863
7.23755380960025,7.547324955303288,2.4173057895964476,0.2689416346497957,5.232290553569062
7.3568318934546015,0.8454100190806668,4.218629063004699,0.09668742610054443,11.471526620198395
9.34137524751906,6.08019662769812,0.6695205313116057,0.2856025423219919,9.59804827376191
5.548378086732795,5.980898415475346,0.12494420782469023,0.2736363804984104,10.078492301225586
5.766224963426965,5.51996478151004,1.6488370462695872,0.28169252173271125,8.3741541671515
9.96554164707108,0.6380716366305207,1.8418996794708178,0.27523067536983714,6.952377198179841
11.397904928634404,7.632005526902246,1.5454830664748884,0.273417488504769,9.077748038686188
6.139370954493273,7.06024764614785,0.9173260597940097,0.255889185449075,10.527703740250042
5.648595646715256,2.029245488544455,3.0222227854556096,0.282317441852239,12.156514317121097
5.497853391638804,3.4621449614424717,2.810400285274865,0.21389735393290993,12.121686515335327
10.4418383297439,0.5229241409800778,0.452147965871049,0.27726391108942666,8.424098311349594
5.346196068031649,4.891260860958681,0.3319339664276628,0.236334549741539,10.345014440315397
12.274490174295586,9.365129172271686,0.24867002274601013,0.266720990404423,7.972508820671505
5.652743206092054,3.6678396488931364,2.4410085822025405,0.29630442733483514,8.525403984593689
5.220062157615056,1.7637158840229523,3.4409856487699173,0.24760744753965894,13.496400476744325
5.134108716495636,9.708793063777623,0.808041261618998,0.23269347915360108,10.428577560506351
12.028161741719403,5.946946020111797,1.8575337644792402,0.292893543560954,8.91547153974744
6.68189914177421,0.37345394083599465,0.4582395092317267,0.25191265326500545,8.227654340483847
5.310299250380648,1.2915913471194964,5.36421818856011,0.2859676016684506,11.940726042687881
9.86206488840448,8.469264702007395,0.5816976989675001,0.29160243933405094,9.822343667663219
7.21677132388993,9.38874663318641,0.5367315350837315,0.288894404163305,10.147639044132005
5.002973504044214,2.975145823743269,0.7099319045091077,0.2780765864901605,10.51415082638314
9.609081978228113,9.372849602789998,0.6967580170552037,0.29496257525009406,8.924956050785944
14.717029621858298,0.6335249121899329,1.1552610520800923,0.19069263261160385,7.973948605911449
8.110290750008586,0.5828561846685676,0.6625628337063245,0.2512655680349444,8.879712967757445
7.661086625778253,6.745994339536006,2.538047669309204,0.2605813754209603,8.380674071473006
11.41219985689279,6.218485944929488,0.4212296406079816,0.26587208861163003,8.662914347511439
8.002996823867491,0.7746233818307524,3.58903612100831,0.2893625616402712,10.395793309987027
8.18665044449617,1.5457859078604925,4.428775534604052,0.2814035197096416,12.286077078117767
9.034363464185974,9.215048670647947,0.38921733806364545,0.27286397191450096,9.150855695784209
7.326440019314235,3.1665885619408245,3.310774760923706,0.2966234701177183,10.184128832769828
6.918458281941676,7.938718047854781,1.2897603814909635,0.2757162939979934,9.481277096250102
14.108945820776722,5.918900159316835,0.6337968353599147,0.27948276796186877,8.860477481255367
8.217046022524784,5.004795546696046,2.36826940863687,0.2748489691373941,10.2841157776412
6.228570622449507,4.476349918409531,2.9508152817299904,0.2589842580111439,9.630342821099195
5.403764826490348,4.26904933010319,1.613454466554869,0.2971734010571352,9.912386973039263
5.531772464274057,6.26632602061153,0.8016131236900829,0.25221618517550337,10.42787954270732
8.841577987883014,7.568760647275118,1.3796192137674939,0.29760543254256844,9.085165162391343
13.102385698333086,8.195140580266987,1.8792397704091592,0.2845080362009469,8.918712710482142
5.48177396400371,4.828589475146822,2.0765601671277465,0.2938989302165831,8.220304721522984
5.094603515954832,6.516973988871213,1.324159283923544,0.2347678306918956,9.886493524902388
10.657307484005974,0.1750962598338801,0.2715701352022202,0.28293676706821214,7.022206532183169
5.27301661169165,4.663679091576627,2.1403733626609065,0.23744619296777417,8.621107631386556
13.78538794369383,0.45734109543225065,0.9283561740872971,0.05588698066809805,7.9631832760507315
6.917392830110308,4.323945291974859,2.459029020319389,0.2658301085330491,9.544167586497133
8.230393030709626,0.8239557431003486,4.116631717570328,0.10024087511312954,11.285353316587361
5.6696649397192065,5.8848664480689115,1.8728178606301173,0.2773148615885456,9.228484810089117
10.31165173408694,0.7259494303499251,2.4279300891189783,0.19366527648062665,8.740565909626149
8.325468813112305,5.716168137292285,0.19641261095336393,0.2916637769658155,7.951008091389796
9.527248482315821,2.8633919892600916,1.0771519721411935,0.29994114172378594,10.277927495552536
8.876580754306831,4.92795028723319,2.856018645404498,0.2815738992072009,9.543791329119294
6.671372208722712,8.078964780554594,1.43611913807909,0.2639818438568189,8.48666678993886
6.822122153980992,3.4885212609406904,0.847261600707073,0.2976764704349919,11.331841569271406
8.609760782286097,7.284082125248184,2.1696291750149403,0.2879566638770345,9.280558190959962
5.695904514225673,0.7706494935459203,2.361774248176908,0.24597173318814056,11.406227477449265
7.036006434629769,0.7728670784317737,2.930163106087298,0.2473326851028467,11.365129749922694
13.857578549212114,4.317375275680945,0.38959499386804003,0.2994546656468392,8.663487289424229
13.01208516228082,0.2942251187025757,0.5762287304182474,0.022286779136221124,7.6336201722782375
6.869087280182899,6.345685747704458,1.8407925858610805,0.24733473790156263,10.315328086735168
13.534583218260018,9.19507630057101,1.7656057481818903,0.25561782598355326,8.244702125058346
12.204574521016953,0.6714312721072268,1.2792328472860652,0.20030244360560712,8.425726934678998
5.6313151093709335,9.895555861557405,1.6566501803601645,0.16790377243496424,9.294847421411504
11.106625344358582,0.45689674661127544,0.851827385602186,0.2913886852283239,7.076226684684671
8.317152489234148,3.883076004865218,3.3064430607901216,0.2796412922119816,10.011607161571787
6.198247049837763,9.39461826190019,1.5815660360928345,0.28709310480348516,7.0087805779762045
7.349576951195692,2.6446457810805923,5.001047119600988,0.25644589235029736,9.55047163028891
9.034363464185974,9.215048670647947,0.38921733806364545,0.27286397191450096,9.150855695784209
6.193778798616141,1.4562260859487315,3.9122727198913525,0.291174892868342,11.172728293020288
7.94702582200701,0.8072826773151967,5.520169597772245,0.022404710080642373,11.561178289217015
14.306147741197847,0.749205970688007,1.7631881965601828,0.2630125220865799,8.475173853609126
8.876580754306831,4.92795028723319,2.856018645404498,0.2815738992072009,9.543791329119294
13.78538794369383,0.45734109543225065,0.9283561740872971,0.05588698066809805,7.9631832760507315
13.248811739735807,0.7490763758014596,2.300578151166011,0.13135306582751788,8.227983682754571
6.4424056707307065,3.3145406499577392,3.253119656283949,0.2556422530917522,10.940724810386675
9.840684382630338,5.698184284265496,3.4992341752900185,0.27670284238005805,7.464489535932646
7.933303933066712,0.8152332737323977,3.531362567289129,0.17987889304241242,10.829768979644685
12.91035388096097,6.657548938304227,0.15238793988299948,0.2930828672876481,7.6961524533100825
13.093141621144706,0.18840798076516696,0.4009735596400724,0.18487196475515658,7.678568019005204
8.743168998116534,3.359052819431967,0.23092598115481594,0.2951606297243816,9.040918810564872
6.4027195958437675,9.20697398364975,0.6287453939232115,0.2715281368534203,10.413371396066388
8.521643931388786,0.7710754010927903,4.986227333893175,0.15045497510085645,10.716621029969257
5.0468211313338145,6.950192138867989,1.0188302984373132,0.2973986360982927,9.035606045987867
5.8062020875042295,2.5281587874420333,2.689430771443087,0.21092236687329094,12.031605948235612
13.208025427530098,8.77178736536047,0.31299569416999473,0.278285008506187,8.267253383417891
11.236140366303067,6.4901332231378355,0.2560822239002206,0.2732180276757493,8.666221578331852
14.885356083431246,0.7487375493088417,1.5703445991647778,0.24795116641980344,8.32316147783686
7.349576951195692,2.6446457810805923,5.001047119600988,0.25644589235029736,9.55047163028891
13.176328579106153,9.401279359833028,2.5212077213684934,0.2666231820210899,7.515465801599238
6.4080750935802655,2.6231282070630004,3.620028812536668,0.2960940089870667,10.896267477832659
7.489903576768704,3.1828221925324813,3.1782150731271495,0.2490635665846289,10.873678303855742
6.671372208722712,8.078964780554594,1.43611913807909,0.2639818438568189,8.48666678993886
13.007592146886045,6.286368046070595,0.1291566978561774,0.2987400563319779,7.463188224715459
10.064345569688593,0.5976381954668036,1.208005256002425,0.2556577870750345,8.189830032534527
10.002368674379989,0.9628649331500991,0.36371097906930805,0.29115945071939686,8.51201377306579
13.857578549212114,4.317375275680945,0.38959499386804003,0.2994546656468392,8.663487289424229
12.28927630274672,5.04985845768168,0.13230039608518923,0.2964996809913388,8.281049190845179
13.23171839050013,9.741685001546404,0.7094441236234281,0.26246304507505314,8.380841488494445
8.804444603299716,0.7903327618596245,4.6036345908454965,0.1958519331636006,9.41549113377389
9.145232537741373,7.758770464266421,1.7238514614317206,0.2725131319336626,8.909552814135695
8.458055455683605,3.8769401681464264,0.5772882036736916,0.29565755634766555,9.162898630304662
6.179375399388254,6.506156662261435,1.7313469277573106,0.2681235067808995,8.66572934300526
5.105742440442098,9.761635304974707,1.0199483118623454,0.279640917121898,8.58814238626245
5.7574831154906825,6.051521463815531,1.0146388543750433,0.2526424850800967,10.675870308064829
6.055423261731057,4.0762404085259405,3.0006752525759666,0.2357543297948362,10.621272541135635
5.818778594989871,9.496071002941802,1.1511857402240082,0.2755312195360414,8.1974533669324
5.227030930966471,8.852497588658919,1.4720938951751323,0.2713975324905964,8.261464230594822
8.136485118543327,5.537495891540638,1.8268782127033698,0.2962452555887215,9.508786080742007
13.361521351761231,0.5197972671294995,0.8495427982636212,0.09779103381231644,7.5526813841392215
5.491775424755468,3.1049618895541733,2.6352696687847668,0.2775036330964852,9.605861912872337
5.893715238315684,1.8795220575141272,4.755223156629054,0.26677111450376656,10.918638518874506
13.26683258361484,4.308514094042885,0.4551129670319516,0.28218519277984166,9.139088459403283
5.938836359503751,5.445024627177797,2.46504264514836,0.2999421094323417,7.893837686079832
12.28927630274672,5.04985845768168,0.13230039608518923,0.2964996809913388,8.281049190845179
5.339108150990002,4.695573370382821,1.1719490505081749,0.2895421179824565,10.215637105576562
8.804444603299716,0.7903327618596245,4.6036345908454965,0.1958519331636006,9.41549113377389
6.720409769485602,6.754457615288658,2.0043353451321106,0.21993578828518281,9.287666656813759
10.800975308225867,3.3204277713891157,0.9162333881556192,0.2890194313786816,8.908395813163622
12.000244206231674,0.6949209335463467,2.5893201587914945,0.19143916494780008,7.711942463359984
6.568039942301612,6.23219250420016,1.2442603975860378,0.2860366479496494,9.583224298599125
10.110029762009772,0.5066229882285919,0.8410445070568945,0.08116942441343318,8.065563703153416
5.110968142166641,2.764138231328203,2.7753239631880855,0.21775383878437687,11.406397457609888
5.856479263635715,4.493173168500705,2.638887923235946,0.2746175187579202,8.89768238008335
5.420380390058418,5.664753248450293,1.8745182280702886,0.27540570814624354,7.996684306100757
8.110290750008586,0.5828561846685676,0.6625628337063245,0.2512655680349444,8.879712967757445
7.888816227248303,5.542355954134324,2.1760886441416107,0.2788712085982193,8.83857333091979
7.363071650471036,8.391074741690147,0.8612517776035586,0.2902708058566889,10.537086621605013
6.24335654278036,4.653473966447899,1.6351537960476321,0.23676129525383885,10.93259373835272
9.840684382630338,5.698184284265496,3.4992341752900185,0.27670284238005805,7.464489535932646
11.401550344072415,0.7548163910135175,2.9771947194899653,0.2512288415390443,8.396236089577
9.537029169375566,0.8417144695855647,2.7123143808346875,0.2622830046057732,10.220395372111653
5.983758968185795,3.2342871929678174,2.5708806685148327,0.2604766107212073,10.80778620268514
6.869087280182899,6.345685747704458,1.8407925858610805,0.24733473790156263,10.315328086735168
8.843833296007142,0.5148219686857718,0.4548912336888013,0.26797662743219036,8.633840528808275
7.257577528537285,0.8425816414434322,5.861811552876426,0.154129430477843,10.899551869976968
7.903728933469423,1.8759599486296263,0.31350816720151387,0.24867695772058065,10.397261502625804
7.4592132756875955,8.292540538090494,0.31924810624406563,0.2937212254436394,8.922117682691717
10.377567132308481,4.831525311229783,2.8061122858079313,0.2892605793038365,9.357562201829364
12.565398774989673,0.4373344155034613,0.6845284303130045,0.05349258708223199,8.424133345761723
5.145048116868383,2.171266197193714,3.739286440628619,0.24353522451796034,12.167866466155866
12.429978898128528,0.7076014047509532,1.612211820770913,0.11259703034489105,7.951549551397786
7.018456275023324,4.154556745511102,2.878927183335541,0.2415631875050304,10.546831354007297
9.728084828631081,7.202820087997776,1.652098777287268,0.27703009721615557,9.212398394655358
12.820713790019216,9.588114153258475,1.7839097306159766,0.277866476292809,8.074228099359866
13.01208516228082,0.2942251187025757,0.5762287304182474,0.022286779136221124,7.6336201722782375
9.96554164707108,0.6380716366305207,1.8418996794708178,0.27523067536983714,6.952377198179841
5.2380609514061,2.6218712635087478,0.350597401140161,0.29252035484389516,9.157407925245181
7.213082158418042,3.4772173211973705,2.8522566229553843,0.2684153777711227,11.127778115487294
6.84227596490722,6.787796814987059,2.0208663914637204,0.28136358723228566,8.988387184661875
5.112232687614367,9.954726538946192,0.21129521130577578,0.22672921642135715,10.000461603989143
9.154691734240592,0.45040678008272206,0.8116843086774254,0.2575322782405873,6.76330007709684
6.249210969605432,0.7970114397774943,1.7917557698810507,0.26563381920897766,11.061064092291806
5.138523357689313,6.141178045023966,1.4629428225825714,0.2807155138644074,7.279380478278869
10.790050990830983,3.8781400560893724,4.573369039760289,0.2741320562094948,9.28243039646797
10.388725196860069,3.760786599980974,0.9871594301983109,0.29196893131772994,9.416741805868641
8.650596558646306,0.7609027558011201,3.0579759647512517,0.2968630482443271,9.14667043299521
12.868040979978552,0.6423057364112887,1.3343042263045883,0.2949526499224118,7.045761473126442
5.663997572941376,1.7996001570259836,0.23530183078139122,0.2806277378823791,8.914452745081546
7.8448341737818295,9.709278473691114,0.7962959139460828,0.28100448156405194,9.58460396788379
8.325468813112305,5.716168137292285,0.19641261095336393,0.2916637769658155,7.951008091389796
5.310299250380648,1.2915913471194964,5.36421818856011,0.2859676016684506,11.940726042687881
8.024552162711448,0.8196094089664805,0.4679953905908642,0.29267978282556695,8.55375043051011
7.226506495990273,0.3675589336025369,0.43160187362511815,0.27279412956810584,7.271034952368344
10.026226815653741,0.5661638054106959,0.7040889893282215,0.2425850743467758,8.386749462365042
8.266813016614451,2.981902681232939,4.509813284624109,0.2468185376517278,11.564912403721161
7.654275289598987,0.8209977481744632,3.6168468247463474,0.13357918185025103,11.535554063544907
12.157299509100202,1.2300253543986757,0.9652097393475108,0.28068880189822304,8.759672814821993
7.438906252956241,0.7688076436522633,4.027586155264644,0.18066134091621933,10.527451711604378
6.717569699792062,4.904765966527348,2.484434878508757,0.21967806192356185,10.49739483002085
5.165570145365749,3.423629288861147,2.0877920891521473,0.2989931537793637,10.403290138874238
5.915368954924537,5.638540257204552,1.8539419616609463,0.27794176750240934,8.210078691214482
5.652743206092054,3.6678396488931364,2.4410085822025405,0.29630442733483514,8.525403984593689
8.842008006575558,7.988166459678031,0.7019605444374999,0.2910695087681997,8.69623109662299
10.977437017450708,5.059211617093139,3.0877478454038796,0.28712384505117833,9.629095925983693
5.497853391638804,3.4621449614424717,2.810400285274865,0.21389735393290993,12.121686515335327
5.12464001436718,4.961727960984588,1.4268213253598399,0.257855877419618,10.707369030276308
9.519515379363185,6.4318747968650385,3.0551042252000635,0.29414119719361526,7.806496455697777
5.652743206092054,3.6678396488931364,2.4410085822025405,0.29630442733483514,8.525403984593689
13.510351266462946,0.8553020916222778,0.2505752822264768,0.2948275088671298,8.419293752009617
5.663997572941376,1.7996001570259836,0.23530183078139122,0.2806277378823791,8.914452745081546
6.898919245956134,5.964237379173233,1.3199173241176498,0.28004456625622465,10.19077169415061
13.731954700203602,0.5334223633830614,0.7865344049804548,0.0779347660500166,8.072284824280816
6.761122107915813,4.233540011480816,3.1297834223725345,0.23088544474498754,9.497869662214848
7.126678113471314,1.9563080210792456,3.561520669510923,0.29307320592344915,11.71961425450711
9.34137524751906,6.08019662769812,0.6695205313116057,0.2856025423219919,9.59804827376191
7.652550106917376,3.427447863255392,2.061170778991608,0.28375708539351036,10.561554878175778
5.785702097709328,3.869505141445928,2.5177297600717052,0.2840724500054919,9.51640773546167
6.004775585804624,2.1847082474689032,3.352647411439378,0.28881581631805847,10.517537965907826
8.700273532479972,5.02404144774709,3.210537164839843,0.27490522960703145,8.453275318112466
6.477258339786709,3.9612155683162866,3.1440715515806423,0.2022719889533933,10.807487526508485
7.551601016666043,3.8838972078505414,2.4484332085115748,0.29034696024940704,10.18788493771213
5.0266387517193944,0.7555232584047409,1.9791097722948328,0.2682321070970156,11.528662804362302
7.824518445348389,8.975506088420811,2.063541224884221,0.297488729430382,6.938741480384866
14.898700953523743,0.7335344371219596,2.486048883582897,0.29093832147678356,8.397782458830067
10.56613306292765,0.6333849616636571,0.7731246654417747,0.28347354660820434,8.0068686027216
13.338326018508303,0.7357344552060784,2.8310744846195885,0.17222225926505202,7.9996953499720505
7.551601016666043,3.8838972078505414,2.4484332085115748,0.29034696024940704,10.18788493771213
6.049796368951686,3.329681077997371,1.3368087352478017,0.2767937552893434,10.440239185346275
12.626637405979855,0.615968916765868,1.1203194831555854,0.2030355642234883,8.283744304431334
6.415226876207596,9.066309518365225,0.9386134128416889,0.2887876460553537,8.656747641900376
8.63653194921999,0.4374985205829523,0.2663011042053133,0.27196935432543684,8.277100062627849
5.754833098442383,5.0965154097186485,1.9817423133933354,0.23456311706847938,9.31008495349315
7.723987173917832,0.8484966197900383,4.742569211542795,0.13940775607866002,11.3935479249168
7.074168191459688,0.7560894882116935,1.6353260034636408,0.2934099752421064,11.659451934591496
9.111330699941183,8.35542640379774,0.294392343918737,0.24128787175321081,9.113499899654098
9.86206488840448,8.469264702007395,0.5816976989675001,0.29160243933405094,9.822343667663219
10.041669218278855,9.022638135807158,1.7912663570746115,0.29560374775260534,8.251364211480652
13.952063761091974,9.379407368035501,1.041347101374953,0.2971432577846528,8.373684308849189
5.6696649397192065,5.8848664480689115,1.8728178606301173,0.2773148615885456,9.228484810089117
5.6313151093709335,9.895555861557405,1.6566501803601645,0.16790377243496424,9.294847421411504
5.817216264848829,7.406626591103729,0.8255070679995888,0.29163214236539214,10.200533039422856
6.4171604040593095,7.1795847063856,0.6634803996932155,0.29779831886259056,9.13391772386483
9.463975057965389,0.8472537077560804,5.479059139474795,0.10440151782675983,10.755352441409993
11.343461698424736,9.622509265685443,1.8592936539494138,0.2599511067868767,8.723079973466227
6.403834224936839,0.8447309493320035,5.136014533883552,0.01787338194622319,12.303145699081657
11.18296063062682,0.42349397787001675,0.5725663675445244,0.10351570078339127,8.39168149230806
13.527414337827198,0.7262911275338789,1.9270332002189425,0.12059814655659447,8.001429308870243
6.257113578474691,6.606600521371557,1.7657839828998685,0.29357591298894103,7.449164466466941
12.189727138219853,6.9000431075256445,0.5119301679870465,0.28907148086211315,8.450438965676053
5.818778594989871,9.496071002941802,1.1511857402240082,0.2755312195360414,8.1974533669324
12.865838033268194,0.5811887706800636,1.177363753196785,0.28164160380406833,7.900638064152867
14.603977039716264,0.6328804704610801,1.1611251427047313,0.18553107246669193,7.8219091744946345
6.269527234664996,9.569122754268136,0.22347947345571378,0.26893290149033633,9.738278279942582
9.673974132728844,1.5921577037269925,0.4999477028351603,0.2492075163652906,10.041466290558217
7.4592132756875955,8.292540538090494,0.31924810624406563,0.2937212254436394,8.922117682691717
5.0615565289125,2.091012809423686,2.4867357129195824,0.2857075105201709,11.29248202691502
5.184823417770563,7.7213105503418085,1.4335013426763554,0.24386633487158707,9.15614189671912
6.103294439177239,2.7084124954116335,1.8845727774183885,0.2942177238094457,10.053796006143603
6.249636613888876,7.823236567597306,0.7111832564048681,0.2975306469232379,9.762609917023507
10.485072887660786,5.45940103485065,1.2643996267943747,0.28700470394434546,9.245717263163161
5.820056296424075,8.735097750413964,0.10449315497205691,0.29461112002720724,9.092431566669203
14.898700953523743,0.7335344371219596,2.486048883582897,0.29093832147678356,8.397782458830067
7.271320795317636,0.8340373848404719,4.966672212184872,0.02127014495767479,11.928107331055198
5.034471638970164,0.9821047826954197,1.753829899201282,0.29218606771082395,11.398729154567862
8.303996517108137,0.7635147145023318,3.9661421635952374,0.2671491385417184,11.232515243254914
13.8238997059169,0.7361288228484444,4.779494128548721,0.18900289827794253,8.161954405112686
9.03732133713325,0.8024806236767393,5.616923334277888,0.06648154328532586,10.944101235835886
10.523022681845681,0.4725654691311427,0.3802728771535664,0.2676266917521415,7.789272118123758
5.6964869974317525,3.8702845336282703,2.1479012753406845,0.2837293730505664,9.74215500164031
5.499346051065311,1.9152308180433164,2.54504300821879,0.28834228621799957,11.953643541716428
5.674107229758179,3.4749197488229377,2.7070351972203905,0.2736757278774514,9.624209793873682
10.523371808394076,8.916453519643781,2.046011594355596,0.24561406401824404,8.570608431336497
13.538362901851567,3.610468067124391,0.7496866093222417,0.29095217085057024,8.109356090027406
13.192619405757092,0.47283824110983574,1.4143024626644864,0.23727428253447855,6.76177399245245
6.753775136513022,3.5206842163610825,4.107010038562,0.23257595985335489,8.018824075021588
6.134252112971297,2.8729886116027066,1.303385658443617,0.2796032540940527,10.186785313639387
7.067963042419939,8.154606131312555,0.7797676527493045,0.2881167105986935,9.660071065529346
13.580365339014403,8.72091681551914,3.1153654518317975,0.29207035794294695,7.914579308108899
13.847777530281904,0.3958472714364457,0.5629182817370284,0.14520938193591004,7.9323498734019
6.179375399388254,6.506156662261435,1.7313469277573106,0.2681235067808995,8.66572934300526
5.406926357739762,2.6121777001046564,3.4758526490304678,0.23406481516698102,11.799195212533242
10.002368674379989,0.9628649331500991,0.36371097906930805,0.29115945071939686,8.51201377306579
7.763477715223238,4.925476526564826,2.516450199564442,0.2907823221672405,10.219274847023994
10.657307484005974,0.1750962598338801,0.2715701352022202,0.28293676706821214,7.022206532183169
5.424010042799181,3.6986619737992283,1.5683599932414798,0.2969982537671071,10.42494539232213
13.688458755479312,9.675079630678521,1.4245331151327782,0.28926683888811044,8.98227403581034
10.21144785642382,0.5565277516918953,0.9715818008348958,0.252410628926092,8.365341146801269
7.438906252956241,0.7688076436522633,4.027586155264644,0.18066134091621933,10.527451711604378
11.401550344072415,0.7548163910135175,2.9771947194899653,0.2512288415390443,8.396236089577
5.499346051065311,1.9152308180433164,2.54504300821879,0.28834228621799957,11.953643541716428
6.301503394926817,3.3007178515575797,3.503298447521904,0.2554361720681748,10.442325095873967
5.205409937644317,7.77188940958299,0.9370152659724823,0.22677158956872337,11.419296658458821
9.411243365633577,6.889001335179612,1.2217116714731127,0.27205369742086527,9.77709956453132
14.439258691438367,0.5572217017659321,1.7770182553945066,0.06882273577667225,7.784161037633115
7.362386983863102,0.8759080047854766,0.5623222396322721,0.28946192423209344,9.452575310883853
14.108945820776722,5.918900159316835,0.6337968353599147,0.27948276796186877,8.860477481255367
14.308837547263416,0.5584978021282444,1.399002095835646,0.1398883722487838,7.480301327349682
7.707723426257967,9.500789701557798,0.14025451372681608,0.26678869461052945,8.599360108056153
5.509613212510266,7.06264101035611,1.9235915654451108,0.2918162996208981,7.0226124453172085
5.1997671633070635,8.578619395465473,1.0202429643555555,0.25784120938958266,9.117564400441644
5.325931105741547,3.2618248472308697,0.5135886997349691,0.2967110187173397,9.738852094102871
8.527434048779611,4.949006283042772,0.8429410491338474,0.2980796795111418,9.801580476377385
5.926302501587445,5.192413642042525,1.8851389837690298,0.29807076977155306,9.586038826900293
9.728084828631081,7.202820087997776,1.652098777287268,0.27703009721615557,9.212398394655358
9.404167724817825,0.6152984638783267,1.3113650508050685,0.25957045558103603,7.806375325375747
13.23171839050013,9.741685001546404,0.7094441236234281,0.26246304507505314,8.380841488494445
9.37662500797977,6.1786915565816125,1.9779163063286578,0.26364192791910007,9.717636661532962
9.706225148527057,0.598995875084047,1.1261766927398758,0.08425292550612022,8.599724755135068
5.403764826490348,4.26904933010319,1.613454466554869,0.2971734010571352,9.912386973039263
6.741381142526875,7.903715493299541,1.6203593791974744,0.23756081521476963,8.377679990832982
5.999753215697041,2.633910553296764,2.8027815036091037,0.28311693116905756,11.378509008562986
7.364965265752627,0.8320954433381278,2.9278536968184383,0.20363535736542482,11.372029409703469
10.951046861152621,0.7645769005651024,4.334425030829851,0.28138426823475265,9.815868400280422
9.434063211133179,3.6128829634346253,4.825818307797904,0.25313581881700253,10.533098267246903
9.250737406836912,0.8260630756810053,4.613859203769144,0.26543361946285843,11.146180474994399
6.176733081889822,8.66171567946839,0.39985926975289,0.2650843140535416,9.58402700047257
5.917363250864726,5.7581645336080065,0.17541333536601422,0.29243478431049313,7.930237298204167
9.524394006090937,0.7729961646488248,3.1793418695842997,0.27198498924037945,10.205246408067161
7.449217469523582,5.875242041962629,2.8569475545892713,0.29495012225757716,6.638824773462579
9.693753570466459,8.791902472936014,1.76789410588226,0.29289615051258583,8.424409226042638
8.236688335250308,1.2150273934339206,3.4872086827250164,0.2835870848173094,12.512368108107975
7.074168191459688,0.7560894882116935,1.6353260034636408,0.2934099752421064,11.659451934591496
14.944929370376036,0.5866262412199259,1.668836553837208,0.12911467390130138,7.64141668738413
8.35691259757856,5.416286196977627,1.4205443828061346,0.28985933925835583,10.389315159432565
5.00541498304751,2.320822367537234,3.932040649849335,0.248464170179252,11.335476258258549
9.203660803854529,0.5844122073064133,1.3914685978213264,0.18944538452533458,7.617420895738163
5.2960837149112185,2.7750108189838456,2.9749855687906193,0.2630257159113657,11.170837652724646
7.326512907497981,2.7826012871950887,4.52555769409493,0.24735926074939982,11.640603406521853
12.626637405979855,0.615968916765868,1.1203194831555854,0.2030355642234883,8.283744304431334
6.809351346822369,4.254643165800033,2.0406047890243877,0.29800600653475523,10.177657567901154
12.565398774989673,0.4373344155034613,0.6845284303130045,0.05349258708223199,8.424133345761723
7.126678113471314,1.9563080210792456,3.561520669510923,0.29307320592344915,11.71961425450711
6.494208616988875,2.9652979005134252,2.8777815131466054,0.26177732145375393,11.461750984542455
9.203660803854529,0.5844122073064133,1.3914685978213264,0.18944538452533458,7.617420895738163
6.71046381377735,2.6684270723453944,0.5004597849761485,0.2947148053053291,9.163490795096703
13.03037761189747,0.7422153887629666,2.996090065673412,0.15351732559461423,8.377478925149337
13.208025427530098,8.77178736536047,0.31299569416999473,0.278285008506187,8.267253383417891
7.257577528537285,0.8425816414434322,5.861811552876426,0.154129430477843,10.899551869976968
10.026226815653741,0.5661638054106959,0.7040889893282215,0.2425850743467758,8.386749462365042
8.306990391306112,2.3100490265686426,0.46561738822641086,0.28773030275658634,10.233992305648837
5.403764826490348,4.26904933010319,1.613454466554869,0.2971734010571352,9.912386973039263
14.803472836128776,0.6258894136035277,1.811708970922449,0.03677122934934486,7.91711168067517
13.688458755479312,9.675079630678521,1.4245331151327782,0.28926683888811044,8.98227403581034
6.24335654278036,4.653473966447899,1.6351537960476321,0.23676129525383885,10.93259373835272
13.462092039947729,0.31135752607882217,0.4936633373343998,0.16074309619892052,8.017172931784284
9.082903394428016,0.12578638397180808,0.3690879096842632,0.09757878308667288,7.892172030062734
13.973245469623237,0.7375555594594567,3.7276822950277246,0.23328191343993493,8.020829187766042
8.876580754306831,4.92795028723319,2.856018645404498,0.2815738992072009,9.543791329119294
11.036205699495671,0.36740669099298795,0.1820730288939208,0.2784084755989991,8.46697307633402
7.074168191459688,0.7560894882116935,1.6353260034636408,0.2934099752421064,11.659451934591496
7.397160361881349,0.7569727707447323,4.62105325700257,0.09111326018090093,11.829939970165771
8.045834838268036,5.9259327727352495,1.9231766659505012,0.24774849434090937,10.190441206787215
14.507831709849466,4.404153274559559,1.0028053476898084,0.28184367062036086,9.279333384720706
8.35691259757856,5.416286196977627,1.4205443828061346,0.28985933925835583,10.389315159432565
14.468935626524793,9.234703892298711,0.43285298630197017,0.255937392114711,8.804024162409018
5.282315997041984,6.46111226627745,1.6030853636115336,0.293584580664077,8.493937315952584
6.902219168226869,4.606952056106484,1.2883071930701666,0.2759942942259089,11.760733860817796
5.817216264848829,7.406626591103729,0.8255070679995888,0.29163214236539214,10.200533039422856
10.716567399060432,0.47845345703541176,0.5764964579932081,0.26654879562415434,7.578692253215015
5.748056513339116,4.572820410465328,2.163544697933244,0.2672717410610784,9.137460960062995
7.1428706604837595,2.0618274533721035,4.5873935515693764,0.2851687461625147,11.387800627502367
6.191988920675599,8.621327883194542,0.8556322163579009,0.280378024312737,9.486220962914382
10.537807771359677,3.493948511637023,0.18278125002208845,0.2754777687005116,8.064846522317122
9.988760353070461,0.15149187652536755,0.30099452388953984,0.18798792490928204,7.333252217116943
5.817216264848829,7.406626591103729,0.8255070679995888,0.29163214236539214,10.200533039422856
7.263225411355491,8.917403550867437,0.7529786302673334,0.27810000948752556,9.230508120122785
7.011172348089422,0.7785521516366578,4.3373362915396365,0.04831499954265697,11.948715585422322
5.424010042799181,3.6986619737992283,1.5683599932414798,0.2969982537671071,10.42494539232213
8.77028323653121,0.8381336589462638,0.8029752752008479,0.29316576374150055,10.264508908684137
8.164789043036553,6.177975266827406,2.343593713641738,0.2522569014729162,9.77937363980318
5.112232687614367,9.954726538946192,0.21129521130577578,0.22672921642135715,10.000461603989143
10.31165173408694,0.7259494303499251,2.4279300891189783,0.19366527648062665,8.740565909626149
6.0108806390406775,0.38700785820492767,0.123500807340857,0.22954019894120206,11.011366591390134
8.002996823867491,0.7746233818307524,3.58903612100831,0.2893625616402712,10.395793309987027
9.082903394428016,0.12578638397180808,0.3690879096842632,0.09757878308667288,7.892172030062734
6.602572979760586,9.279996632077943,0.9594836090698025,0.2669802090864352,10.193481478220495
8.254640513512934,0.7689882553480083,2.8181195045500984,0.2252758420809753,9.793186448342752
10.525004317651387,0.5382559376038688,0.9972838029358887,0.15534719859964563,7.887062499924303
11.348247019394012,4.217853490374978,0.10584451024525698,0.25353990429124107,7.917904785806839
5.497853391638804,3.4621449614424717,2.810400285274865,0.21389735393290993,12.121686515335327
6.631914994508559,4.93955163540165,2.6980997716480752,0.2939961718387413,8.316949826216208
5.0266387517193944,0.7555232584047409,1.9791097722948328,0.2682321070970156,11.528662804362302
9.728084828631081,7.202820087997776,1.652098777287268,0.27703009721615557,9.212398394655358
13.89975481172616,0.7733434729965825,3.3509757080167706,0.2979249921661042,8.742467399623354
6.5819165308791465,3.6694138405975094,3.1634138503952185,0.29916807616975544,9.541870563313028
6.022099516832857,7.84984043765623,0.42873427130161024,0.2894948234974162,8.72429584126958
11.384994853508207,9.405514482509496,2.0429420633079225,0.2692141148945621,9.514697086766528
9.734149980614022,2.9448843956601656,3.0216571468619478,0.29846275681985923,10.985353743096994
5.738960036167396,8.376619622774577,1.7191745697339795,0.2547027778149782,6.842013915485309
6.257113578474691,6.606600521371557,1.7657839828998685,0.29357591298894103,7.449164466466941
10.438863008451115,2.983176696245809,0.45301389521377045,0.29632998245705733,9.989286440300386
10.977437017450708,5.059211617093139,3.0877478454038796,0.28712384505117833,9.629095925983693
8.375387068453959,8.506088784282081,1.7493730171466557,0.2891430046589801,7.782107905675817
5.220062157615056,1.7637158840229523,3.4409856487699173,0.24760744753965894,13.496400476744325
13.176328579106153,9.401279359833028,2.5212077213684934,0.2666231820210899,7.515465801599238
13.192619405757092,0.47283824110983574,1.4143024626644864,0.23727428253447855,6.76177399245245
6.532372737770726,4.699600951896593,1.4419845302449095,0.25113991106931516,11.048758983243069
7.035385760437499,7.70499849692973,1.614282161521193,0.2586730666694913,8.160537375595245
8.31388841750065,3.9980272096997984,0.11571041799942489,0.2797436275952957,8.5380942692207
14.439258691438367,0.5572217017659321,1.7770182553945066,0.06882273577667225,7.784161037633115
8.06374363118957,0.774161494578536,5.756441884164629,0.12761897506863762,10.70356542723321
5.201652990639936,2.123596434099924,3.15287357523915,0.297231673058778,11.240699530780233
5.6696649397192065,5.8848664480689115,1.8728178606301173,0.2773148615885456,9.228484810089117
5.389144068293516,6.211605391579086,0.8067233895176261,0.2694598868176022,11.181965241583463
9.060590292395926,0.4821899379584298,0.9375320583620086,0.19021061942886802,7.347916438590007
6.621325290646729,0.828763425597015,0.38181263593541065,0.28436326481860397,10.694454519905971
8.746992904658848,0.5144348780312437,0.663525420064214,0.2752908760641774,8.05129197261584
5.6964869974317525,3.8702845336282703,2.1479012753406845,0.2837293730505664,9.74215500164031
6.27067289242237,6.728059908859789,1.0045157415945285,0.2896763738061957,9.34247425997147
9.780826623808991,3.751632335843432,0.3360245685122254,0.29049570980191286,8.74730603278138
5.920378081688465,7.106902149694215,1.2910938556209972,0.2895288019388732,8.46866539302146
6.016297361520998,4.765982239331226,1.5316281770900022,0.2916935856554366,9.451064884667234
6.854070652520951,7.628286509755645,1.9202693629000624,0.2535447208575221,7.748470895157451
11.986548800847558,0.6539283494841666,2.157535031642099,0.24733894712272955,8.200458035117311
6.5819165308791465,3.6694138405975094,3.1634138503952185,0.29916807616975544,9.541870563313028
11.643681229673657,0.5991606943087622,0.8244148057414546,0.08645088075621869,8.366713694975491
5.23734685483025,0.2150630574536443,0.17274406302452266,0.24864282651141856,8.650361541393897
5.116098069147213,2.588910846603767,3.2449441064773623,0.27727631829183014,10.130861166441067
10.479988089834738,0.6785418371303855,1.21207152427952,0.26130248572235076,8.545320515873566
6.586151110911235,0.8177617619264739,3.959365340766456,0.07450918543124059,12.006226056547552
14.389658116945288,0.662965491761643,0.8372717151835172,0.2783463807253259,8.536382511023502
5.375827145203634,8.463526765244879,0.8333267164048941,0.2812089189519778,8.821414057339757
8.534726595143235,0.7765374511977765,4.732991896192701,0.22561824599410857,10.309220056713361
12.65081292900011,0.35415401779567135,0.6749433153732456,0.18590475818718277,6.992788954426985
6.379225007294307,8.51355115329043,1.734894601661802,0.2994066035349692,7.33597997494439
6.033097890190357,0.9445665949989964,5.515362250496631,0.2774525202345572,12.01239095387572
12.65081292900011,0.35415401779567135,0.6749433153732456,0.18590475818718277,6.992788954426985
6.4424056707307065,3.3145406499577392,3.253119656283949,0.2556422530917522,10.940724810386675
7.552072991824596,4.774616078262863,0.483181604647291,0.2962245941746481,9.179918296366086
11.446657608846195,0.7660647046247655,5.778289694247666,0.2165325959045849,9.431856816179353
7.438906252956241,0.7688076436522633,4.027586155264644,0.18066134091621933,10.527451711604378
6.176909655952027,7.712896702581224,1.6474576628665485,0.22882362864492758,9.967184960642427
11.64687934860907,0.39353655565503015,0.6254589860471537,0.07951083039501342,8.113053071040232
5.227860684484094,5.061800777575787,0.6569084789483901,0.27531721115406155,9.790511261777667
6.477258339786709,3.9612155683162866,3.1440715515806423,0.2022719889533933,10.807487526508485
10.295464433002461,7.331027263953491,1.9326007436926618,0.29720411111569933,9.470555931201002
8.46501631543854,6.948061438646357,2.3187716021581926,0.2834556318190753,7.443240620918442
14.007664491000305,8.55535144216752,0.481840155038628,0.28323139435992467,8.776647524281195
9.111330699941183,8.35542640379774,0.294392343918737,0.24128787175321081,9.113499899654098
5.938187634612419,6.525812871994951,0.6090495166788759,0.2857626811413231,10.106660700352998
14.898700953523743,0.7335344371219596,2.486048883582897,0.29093832147678356,8.397782458830067
5.220062157615056,1.7637158840229523,3.4409856487699173,0.24760744753965894,13.496400476744325
8.306990391306112,2.3100490265686426,0.46561738822641086,0.28773030275658634,10.233992305648837
6.7549592740820055,6.618426247276677,0.9321855179843401,0.2870703782488058,9.133788111798935
6.910121857838951,3.578645398895646,2.8757279974209995,0.2775413322257527,10.617626000129677
9.693959391962679,1.707489463292613,0.25393961635163476,0.29818381673816224,7.6477044193564465
9.411243365633577,6.889001335179612,1.2217116714731127,0.27205369742086527,9.77709956453132
6.134252112971297,2.8729886116027066,1.303385658443617,0.2796032540940527,10.186785313639387
11.397904928634404,7.632005526902246,1.5454830664748884,0.273417488504769,9.077748038686188
7.4592132756875955,8.292540538090494,0.31924810624406563,0.2937212254436394,8.922117682691717
5.11953989071916,3.5439739067159266,1.878128806813518,0.2933618103568967,10.447247220123803
9.058719855356907,8.048268419658921,1.3889422786700982,0.29896977991073065,8.767891580545369
6.775900656472599,5.345294206545509,1.2430455037940953,0.26301489888603946,9.995239561592994
13.462092039947729,0.31135752607882217,0.4936633373343998,0.16074309619892052,8.017172931784284
6.24848666151797,6.1579438692807225,0.15142945833322874,0.289062948914697,8.126120311533388
11.043936730309317,8.663220001694528,1.3879027687820877,0.2763425918625921,9.279230053594015
10.349009841947735,0.6472848155354329,1.2942934031074413,0.19353020250460456,7.837084906307766
6.251918771860649,6.395396522115486,2.1230671547886777,0.23494562520342832,8.374282407503722
5.076471481371753,5.926181198120818,1.1874420443358038,0.2728680734357246,10.274448837325119
5.0195734583031575,3.1242932135105583,2.246316145370976,0.2642936503204259,10.231390723974181
13.620098563543394,7.675396898196967,0.18706695740563745,0.2910178020544155,8.74981950579306
5.6696649397192065,5.8848664480689115,1.8728178606301173,0.2773148615885456,9.228484810089117
7.9267232848879425,5.565720492484488,2.7589402130696064,0.2595521512092839,8.305005935419224
5.111170147940913,3.366624705510936,1.3579966906584968,0.26671252298495757,11.526041339785671
5.198855766347766,6.061808970309519,1.641358171232896,0.25611438819145954,9.715786530715237
14.898700953523743,0.7335344371219596,2.486048883582897,0.29093832147678356,8.397782458830067
8.511194616612793,0.7733174591776272,4.58390319826321,0.07602594659840142,11.417587842779191
5.138523357689313,6.141178045023966,1.4629428225825714,0.2807155138644074,7.279380478278869
12.290599410303319,8.38517437949012,0.4395279556537347,0.28036478372185214,9.12834530185945
9.169783549076081,8.137060112625454,0.7976497018049081,0.2767703394062926,9.098330369188034
7.628863886536922,0.7810580056613393,5.402168078320929,0.2585812777581203,9.764543223571366
7.591723741984438,0.29560871929749877,0.4246069716964841,0.2064194440187851,8.577449171524332
8.054149864506188,1.748587995891646,5.1607694421156225,0.28694944204871603,11.919593002898466
7.44829068015638,3.7702395799227806,3.114165571833859,0.24285854235620785,10.793072303097995
5.1435599930541125,4.667767869847047,0.8166879624380808,0.2980003815500524,10.05664310187855
6.604942009910941,4.583681765190834,1.9720344823699145,0.2984703919776007,9.725846652580342
5.882451059810435,2.346857161467533,2.2020415421948463,0.2431839683528254,13.402123355482281
5.303423231987472,5.492716668883183,0.5622024377713907,0.2731419739185912,8.971792093727565
14.19473791939284,0.5590397792490974,1.9850423145075335,0.18839301944964143,7.482522891283138
11.643681229673657,0.5991606943087622,0.8244148057414546,0.08645088075621869,8.366713694975491
5.702550443459735,2.34907909412821,0.6113322839713624,0.276931627784631,10.43025169549678
9.257984780246375,5.5031724170761995,0.221598905549516,0.299657946727518,8.707452182504062
5.666914663062687,3.9031052599100056,2.4288056333756782,0.2572397880698865,9.996405454317623
5.520527738667372,9.68688853027155,0.3369906700310612,0.27180322885743835,10.458035514310842
6.228570622449507,4.476349918409531,2.9508152817299904,0.2589842580111439,9.630342821099195
5.133385723358583,5.706988953132015,1.3388427127251794,0.2972056151440102,8.247952855457605
12.189727138219853,6.9000431075256445,0.5119301679870465,0.28907148086211315,8.450438965676053
7.344084187025499,9.263799367723253,1.8401686717658663,0.295672550473965,6.618153190194132
6.7026676058488075,2.1097339424160824,4.2450737041805695,0.26992377124554867,11.940349667464806
6.393184103319111,8.61881800420942,0.3827244183769929,0.2515116734817877,9.310206092575624
7.661086625778253,6.745994339536006,2.538047669309204,0.2605813754209603,8.380674071473006
10.250713533731524,0.6307953066578043,1.542648775641252,0.1347437026657134,7.739897298051272
9.467478797933692,2.4429538752484246,4.560965329072252,0.29775705191625795,11.109750741677765
8.05754177294893,4.387937422527054,1.0786236440536725,0.2925685423992495,10.035370925425873
11.036205699495671,0.36740669099298795,0.1820730288939208,0.2784084755989991,8.46697307633402
8.458055455683605,3.8769401681464264,0.5772882036736916,0.29565755634766555,9.162898630304662
8.887996418013062,5.3554511346194005,1.5611560942960223,0.2898898958815125,9.18064808598154
6.030557873355293,0.8149492112019743,4.369717554343114,0.2428653850619742,10.48312289557273
10.951046861152621,0.7645769005651024,4.334425030829851,0.28138426823475265,9.815868400280422
11.999258524285533,6.483012380901839,0.9670317239095472,0.2995599422920584,9.738092952275863
7.195609757170359,0.8459896414545942,4.76990043894018,0.16761076327122526,11.692903082475679
10.438863008451115,2.983176696245809,0.45301389521377045,0.29632998245705733,9.989286440300386
5.499346051065311,1.9152308180433164,2.54504300821879,0.28834228621799957,11.953643541716428
12.351995648662134,0.4560629189838399,0.7450839462873362,0.18060413107741835,7.4743933580606345
13.26683258361484,4.308514094042885,0.4551129670319516,0.28218519277984166,9.139088459403283
