ss1,ss2,ss3
0.03678413128258438,0.006107466429633034,0.0065128972556549435
0.004819520536253546,0.0028787477629443666,0.004362987889085589
0.009743151537110434,0.011127755300011278,0.017644815451996067
0.017146921555216414,0.018468687249519725,0.006822749314024945
0.020735092839321307,0.0072356699094121716,0.013026260997911961
0.005724073340424288,0.002122967939139861,0.012906518254788578
0.0031057116268440633,0.019533125010791942,0.010590410794183065
0.01986778592230408,0.018342645148303745,0.010909033083910709
0.003207927039328947,0.008675943511599801,0.03686468775893292
0.02406553689132343,0.007832853129963166,0.0005540242173214505
0.011868361812534506,0.011596380303873912,0.03696242454334427
0.004455848728605138,0.013542529978595,0.008735271001627774
0.018068582251853663,0.008563033465263903,0.026558974199542743
0.014567473446573484,0.018425902544071966,0.013037649919070134
0.02549892794857506,0.007587751867643304,0.022531575121829087
0.003558474804819664,0.01750841400471515,0.007348881583151106
0.021685235437600564,0.0127599610806538,0.0032251014195296746
0.0002939272167555635,0.0174889281143129,0.02297678531157697
0.03636587497742385,0.010120224200697973,0.008666417373454633
0.02882223447939098,0.006769342079681652,0.009289802302455524
0.004853622739393037,0.0028583498789506684,0.01615591986490658
0.008465656876980775,0.011976653608375206,0.03047835508174501
0.017595314555992985,0.0015701598827333094,0.004868988830325042
0.028782288913671617,0.000583232175900398,0.0022939755500746683
0.008168491103002076,0.0016246227738429988,0.014591606503395513
0.032977347990755426,0.008366421985657553,0.005370257437929185
0.0033333016982245844,0.01613634666546848,0.005356769391110465
0.026998441953880164,0.020130244883381988,0.003925288727273025
0.01760102973885126,0.016940508390497454,0.008883428744291622
0.004707099768712917,0.011446981041444983,0.011036263208909453
0.03551539020971457,0.005917036091487987,0.007213605139354633
0.02149456745629771,0.003695670737348708,0.011476192838374366
0.029955115897062144,0.0027107974495834105,0.004503068807950438
0.0008074125384516412,0.0010295720277522327,0.014589983373683179
0.016507485975814452,0.019674172601304135,0.024229912067365675
0.005646288756264569,0.024700568804168245,0.011577979698965509
0.01730166525637094,0.02574025577700312,0.013199886170206843
0.009691629516594658,0.01777289814998068,0.007661212800927534
0.0005174078836162115,0.0035531796141556925,0.03534095269963151
0.016082824301218712,0.021216877488665586,0.005234758894104186
0.009496384499565285,0.004139288675035095,0.00038052853136706476
0.022817642835663694,0.017903287771890628,0.014925837265079792
0.04282462554261722,0.004553277113523749,0.023599404989591947
0.019697692704769135,0.004539564071617614,0.0011560343593782583
0.01597413498772767,0.01761489933275408,0.015278821905702839
0.005417411082567877,0.006118217654766898,0.011148199536389184
0.03158583474068385,0.013412811428091182,0.028399115874318807
0.005043586811168411,0.0029817685975688708,0.03275925570957087
0.0029066598122800625,0.004819604036844974,0.012292834483515973
0.015392145848875646,0.002144905744645201,0.021237470666739797
0.016562434523966562,0.00021238526498574647,0.0023550194284572457
0.007602894919667799,0.018361939606940908,0.0030650509762099746
0.0443970182254709,0.009147455899355226,0.02130822696666188
0.017392398989084217,0.01781031880961266,0.008495336089725419
0.0023399162172507973,0.020389139584291553,0.0027303854210586516
0.015105610070212055,0.03065755210369826,0.0011455527179643024
0.02005530889071545,0.012205674810101062,0.020531280191152624
0.01864113905495152,0.0068963395772416326,0.00035585312859269405
0.005784980129516741,0.0011523660584065996,0.010749874768432036
0.013172240503401033,0.0007566585642459816,0.00016007528336150646
0.026711183863928196,0.02055606221798879,0.004861959683057648
0.0021015292966311424,0.01642720956686366,0.006946113184387812
0.005730619931231032,0.014740538673591529,0.004564246950421725
0.018659923775086126,0.0032186264325649826,0.005159708918344931
0.016224453924378872,0.039453362380132605,0.03872901396026371
0.005620948041534057,0.007060425438145017,0.0038268544304375226
0.019473378112181083,0.0033707851895569694,0.0009212006562041944
0.026649067255036202,0.0003737186359032167,0.0006537588224224661
0.01725295569806359,0.00816884646573451,0.0025566177798454106
0.01688037267226673,0.017568092786261758,0.015951666361607556
0.036102414682290626,0.010377887003154061,0.020375962932858514
0.004203861956212817,0.00905236855600195,0.004253792828643688
0.07564929102889403,0.019779482232186847,0.004395150894465132
0.0019560910451221236,0.018321755172877888,0.008930338545361158
0.04744761149836718,0.024966799252814337,0.00929738741225059
0.0007036557588164983,0.008944548293033918,0.004928603989490589
0.030955402854208218,0.023966601429125108,0.006744453020806884
0.023681338930985136,0.001721170559317698,0.005441391586305995
0.01736179100049053,0.008227927148978378,0.016476834148330073
0.029552001311595088,0.0020422837813645735,0.0005977783317937689
0.014814302782385526,0.0035025072273753653,0.006963423192768172
0.0020552517669877837,0.017101424889279203,0.032360425064913094
0.00911493109964709,0.008784126071999535,0.008886822453607444
0.026845345821188662,0.012958758172670538,0.025276787684005937
0.0240873347917482,0.012735010395010722,0.020179729615900387
0.01761568842226051,0.008811166099715995,0.020017222692558848
0.003689006293578573,0.023243881744154243,0.009228825014710883
0.02160193971789115,0.0028453029152515547,0.002898002712742091
0.020865756860101035,0.019830601475720112,0.014132120816526293
0.01923205533868728,0.004409639399093492,0.008694950010226644
0.009659444769049516,0.014214351099917973,0.0015600649207448264
0.002083179287319225,0.024625843244905195,0.008476337508823099
4.0546582336453304e-5,0.007275727862519577,0.01079998136932287
0.003092394633143317,0.026483759901768256,0.0036224720237725033
0.009279108635262141,0.012729239920038497,0.02546103987675932
0.018385159727005947,0.017506643342185414,0.005200536306147131
0.009774479350159923,0.02145394364678962,0.004374096374066731
0.01942363234048839,0.02253136676320474,0.017241420535503194
0.02451302915743374,0.0004428652145463878,0.001560689537038948
0.01220114587841501,0.006762280762230015,0.010185185093276743
0.004057674199745889,0.0030647593200750643,0.005267927969094055
0.029984345759179565,0.005110949551150075,0.015033374271241165
0.00045149276239789656,0.012828759660321697,0.027192293988486865
0.005032531429067921,0.015078614102489644,0.015614403658175676
0.013959815041999182,0.0009824409176268202,0.0018242515869723401
0.011390323609350054,0.019823685342007225,0.05668632159876805
0.00916007312588504,0.0077646332153867206,0.013235532073214035
0.020289829596073224,0.010699018304539735,0.02590975502819962
0.001045615938248973,0.00825711940514893,0.004152379200371001
0.0008090356684280409,0.04602375471939062,0.0633358440656224
0.00745995540624316,0.00878840296173512,0.03948709951350975
0.02786873795190728,0.008768221444627137,0.015042315654101858
0.00026226944241151376,0.024741333493394135,0.012225474351781104
0.012789671504174635,0.038851506988050934,0.016070239526579676
0.025708993614179266,0.07340328041771958,0.02045038305451346
0.013057108224414731,0.02023024373213314,0.003724476694970519
0.008524587542348803,0.016296225090242155,0.008475280538696391
0.0151862082128952,0.013485076557704203,0.013644868518397458
0.03923396886920898,0.007649721844868582,0.017955521924734534
0.03318974738577152,0.00380286962092567,0.025056210012854414
0.005085972906313584,0.03119995866182612,0.023954917566148252
0.01863765417424246,0.026980283566349513,0.016066057411334718
0.019604568430084648,0.021049884825639482,0.021717875645602448
0.0012575975374474022,0.02083194783740496,0.0066676433078211314
0.00533952076012243,0.003913220389761328,0.014390892900551571
0.03856929460341815,0.002293943285212505,0.015993260490888797
0.0048632238210783605,0.006726863186751596,0.005768619929245664
0.023933830840553675,0.017889264994828326,0.014116209046097587
0.004971123416026249,0.03732242250981101,0.015208907078669759
0.01732405323404392,0.006572621165599017,0.019116203666138715
0.012779236747693667,0.0008492222302992748,0.0037448902139337707
0.02508366431082229,0.007780709672359436,0.008462480906999038
0.035679204790796615,0.008363610243639028,0.0030597530016311363
0.0036227278980715417,0.006634064407953774,0.005289687356364873
0.01796039843207807,0.01674038524249353,0.032525205212234
0.015219160160470327,0.03216407561400767,0.011365153494911469
0.02385355787026495,0.01782628114145116,0.008102125064381524
0.012590160985683259,0.007044526077466248,0.019254760275652087
0.014037922648299986,0.017721715309451345,0.007815324106651571
0.013290704432275568,0.010172133110817199,0.0023910450086448176
0.007627648013934446,0.015255851811795729,0.001319155609675339
0.00888486967769712,0.019652838030595123,0.0051646697917300645
0.01704989354017514,0.0029828023325101285,0.006228465075717138
0.015034907055751077,0.0016137550131736312,0.01623842665871457
0.00940433579289649,0.0046678415923817555,0.005878889668399797
0.023329735673909627,0.024863412543285907,0.021364206454716657
0.004488285047752268,0.02085260466174284,0.010183516769847996
0.014922687494874243,0.00362334959034334,0.0176442161493859
0.04171694567012928,0.025363629905000084,0.013505196420327487
0.024807668835693967,0.010471944653344778,0.018319288755115536
0.009622822783974166,0.023343175351311352,0.005897154512051991
0.009342358883860456,0.011615988468005612,0.009799257433410435
0.03052988182395232,0.007349724669707343,0.004093656377738303
0.03815898023063365,0.015067940243874608,0.0005977118940268558
0.018615374971311913,0.022383579817740865,0.03311031587161515
0.016171434332774928,0.012455518765936235,0.019388412682369117
0.043469250729654296,0.014967964196105488,0.038866791127589964
0.03631501198689373,0.029766596681279598,0.007275024857804473
0.009779881346043025,0.0021011976745649043,0.02645008554173539
0.03171912651044605,0.015441254656091892,0.011328173786082387
0.025250678361266685,0.005246324487498265,0.0024274640676126987
0.009564810401240326,0.014597332328692866,0.00947418547888839
0.016710069613795602,0.0054976335557937244,0.030268855221958216
0.003538433567273843,0.020763373608737982,0.003626164222980577
0.008122014300390019,0.010688319496012594,0.0017328803585795966
0.006281903328628067,0.01426283945094208,0.005058119474970016
0.003019702562511412,0.03681383980184778,0.0036191550558917433
0.0027798466093914846,0.011740496259132505,0.023611844946873135
0.02543703657093043,0.004766862210570567,0.029548653673663054
0.010878860174050813,0.02732919597072456,0.006432108424089939
0.032078238543471096,0.0005535035576619407,0.009372829824512827
0.021891124492980887,0.0005601408682354895,0.0027174738373654844
0.0029507670854278033,0.006695971660311831,0.018882839421919675
0.027112087727647834,0.019047313950379122,0.0017079591020329452
0.005017743506703225,0.011608270936319953,0.011014518757770484
0.012376441259529648,0.011094946530126893,0.006012080656816465
0.021500223844237273,0.0003010737874856254,0.0064473042312044515
0.0142712994000349,0.006657099028013853,0.012254613856199277
0.05632875002277376,0.044510436978795184,0.023566877922913825
0.0016479269388491645,0.012821674406636462,0.003070574518591135
0.039669607751174986,0.013680735407256324,0.024451604243624844
0.025666365485194374,0.02153799191552643,0.020029745360090317
0.0031406720235470946,0.0046471702969326685,0.0006655502481581507
0.047238529253527756,0.0029850782436325564,0.01017951876848148
0.019076860997141606,0.011465124573825964,0.015442446993525798
0.017522890076745144,0.010575912344839436,0.00206835871899896
0.02941270167087288,0.00499957706752085,0.007854775620985747
0.03184919612573504,0.01629694536805425,0.03228564957191402
0.0003224300896832555,0.0011669082790675823,0.0037357569537425795
0.006998985404871384,0.0025346168818326446,0.009150373468908072
0.012454925307720237,0.007384425095727729,0.009500297893571355
0.008887172389718047,0.026214797479467093,0.017817763866065796
0.01325396930947607,0.0015296938170017173,0.013297794945779125
0.0058412333955229845,0.01957980011567072,0.02040061771951006
0.004160635461958698,0.013795925668405396,0.005914718788838832
0.02267166189293749,0.00012920275819528404,0.006081417700258374
0.018929449535915667,0.0075197225479795085,0.011732652558590195
0.03344231910251177,0.017608301690325363,0.018870888085416686
0.013119820122545627,0.024306259993606565,0.0022187082702826624
0.00637936741887067,0.008049397206086977,0.002433472890528776
0.009507287344664578,0.021414811573859844,0.011403667733125768
0.010913739691014083,0.010855403821008042,0.0012852787399663629
0.013310025838951908,0.006404353641660454,0.0336141081388565
0.03851099165400321,0.0035462168144811354,0.016262075127873303
0.014773615245423007,0.0172026487527076,0.020253328588815494
0.012344944494463144,0.014328831493772893,0.008108820802525242
0.004326436507979256,0.013158472677444522,0.00838501926836702
0.015761889921581528,0.005408824025681714,0.0033886873734935968
0.011329902873893006,0.008316318873705231,0.01095410641138035
0.018283285631444473,0.017704305407928327,0.008704171592510678
0.015054999733238919,0.004609997932486871,0.0023860490730259485
0.04710033598373593,0.0024512073190328895,0.019765857533887404
0.003630846651982679,0.022748591592807545,0.0033855312277950305
0.006566291875502515,0.01590007522954259,0.0026474018793455688
0.0371286441408708,0.012672182074885623,0.006655979340356066
0.008695722878691489,0.01682824177656264,0.002431188754887388
0.03438100177725429,0.014303129125443051,0.01921071498710121
0.04669737889447892,0.013975781172885884,0.01143060789004662
0.017259632196269897,0.012044058597151847,0.01188131029369423
0.0067750815845921235,0.025444524782925325,0.007504358609138144
0.011444699134467206,0.00910048557207797,0.00619594412264797
0.02186310084147503,0.0018317729761350991,0.00899217052050682
0.011465439780733926,6.957259073240181e-5,0.009757614359527211
0.03148321455085191,0.0033209931023091225,0.018593835710579352
0.04700944356083493,0.01588882405052653,0.00612659628617459
0.017927866519093703,0.01043411054611331,0.003694905408476448
0.010725023009776504,0.010121480844505351,0.013650438620952405
0.030729500170322232,0.009095942375492966,0.004050298540364445
0.01987496233853195,0.002618825313236562,0.0012772572370333742
0.005944408911827351,0.0047080290575314074,0.016153463975472116
0.012663389710982575,0.025103423162383568,0.006336058619767013
0.028115428888628873,0.020469048416356793,0.005970448941863701
0.019099072843534806,0.025076215865671683,0.007853188141809724
0.004279024809688318,0.015267652903246602,0.01844796446228817
0.007356440006299026,0.012345890111074193,0.011963013320430687
0.0032939208082849647,0.01080235448093683,0.014262027869360141
0.0037367734752227068,0.006699094319150476,0.020377485259649532
0.008416198790066508,0.017190511466639163,0.008010039642706702
0.01185585825867345,0.025105686953123384,0.001689386517049048
0.02699530382132309,0.031293776906980666,0.004315566706035163
0.015501018705699815,0.003438560542707253,0.0009152685718183028
0.016311291161914633,0.006756152386591958,0.015164508692303874
0.00659331823515141,0.02681799771636692,0.014862567816307378
0.0088828945922725,0.008899928939998374,0.013482184863582181
0.013025201159010935,0.009066245113440998,0.01987104577739332
0.018885630214755478,0.027310391291661552,0.008786282672005164
0.00642360065818095,0.008217202102019927,0.0055731774686188585
0.019962557557774162,0.02232316649777863,0.004085885510671335
0.02114703337825766,0.009603920314352286,0.011610213776921112
0.014523226040878976,0.0012721914059383131,0.006860076787746623
0.013756083802723508,0.011490823966602387,0.003544070925691551
0.012628543420588471,0.02608072431459167,0.01518079887017008
0.0070765253904154,0.01952702181222137,0.009447937216960425
0.010094410065291994,0.01307129605158828,0.025533314886440055
0.0316768851796497,0.03569691672347874,0.00472505057837066
0.03546270648025621,0.0048744619783121,0.007161063083815893
0.046460272954131805,0.013795089676910087,0.0027920188309028663
0.00549051790158508,0.004039236917915382,0.0019582829476073272
0.022736779104840895,0.02273780421818295,0.002178623623752961
0.0023828429692696637,0.033797890004913074,0.026920236666713684
0.023640156443329906,0.002989195760986612,0.007545763727984444
0.001561937076167315,0.00539175148727725,0.015277707937733595
0.005316224626189132,0.024850890273889138,0.001607506111342791
0.0020888288057212935,0.010114423361618649,0.005275103618363879
0.016148288516280147,0.006404020267766191,0.006725788299159265
0.03054899328051459,0.028640607412741596,0.014265192003856975
0.02164305960326178,0.002077181494156372,0.0017273060936164194
0.01744253091194943,0.005483396133015048,0.013781153652071238
0.02358213769791004,0.0022868617358273217,0.012838410919660783
0.003993133509782899,0.003952560201879867,0.020547725426797094
0.01370628597326875,0.006958358832450771,0.018152956262166033
0.00614081276357515,0.02219578279612086,0.001957545808996303
0.003372594875543844,0.005659010892488632,0.003922065687522334
0.002667276402876257,0.009744088357429426,0.020810495644727065
0.01903178772767033,0.0032709363305285614,0.030969777238142933
0.01072541632122367,0.006174490946129508,0.03411284309982573
0.01698846314602347,0.03938940640920554,0.002113008515312064
0.013932439498154954,0.0011212238909875196,0.008637096681319428
0.006054741526673516,0.006723261644776654,0.016782821420064625
0.04126960506658388,0.013804762730763127,0.006766360022090209
0.003964621555219013,0.010540271622475166,0.01259287345141565
0.030597298427536928,0.00016345897392220607,0.007299288589894458
0.014517606061514884,0.004166279891558282,0.007634546059730026
0.03436928617893735,0.011273464708816712,0.006604322029521422
0.007214397258220776,0.007530011936607183,0.0038374392277543373
0.012082561542047038,0.014007899052433034,0.0036769846398246125
0.0009653698954985619,0.009160447816060357,0.007553135130093353
0.0031645915470057163,0.017588141162225932,0.0021792467665708074
0.006163533252914535,0.01300315070683648,0.024051004434814838
0.027079996655257565,0.0030037256668285764,0.025374015503154625
0.005815842497286192,0.02949230207375086,0.014346185599108805
0.03296784574354491,0.005355870972253514,0.00864843861966929
0.01968861957042864,0.029409344927000935,0.006890474970175854
0.014840711318906498,0.006322258814118174,0.003331259274746508
0.012989025914228647,0.007165010703985037,0.022648594414785957
0.013865111950692103,0.0027372658932199334,0.004102810653099801
0.023065687677913144,0.013751258275783874,0.0045251326864167015
0.006226798375408268,0.001124316289703916,0.017103442877280325
0.013678327394439941,0.022833419620179467,0.005506377412940617
0.028084616960116025,0.008233651450515883,0.027865476897641513
0.0056537250800963255,0.01565054401956451,0.00011241102335460927
0.010923347474441408,0.019502642490832122,0.004212391184903963
0.025970870538138516,0.020329946267201634,0.013606776603647633
0.06110424348179737,0.012140320394169072,0.00797841309649831
0.03493845652126268,0.014322207744675557,0.015530581792118235
0.024494421164992168,0.02674769290085447,0.018641975596126736
0.014596132744105234,0.01632729338740903,0.002537871758951048
0.021114719645860855,0.018112860671151153,0.01257537078623822
0.021939539970912872,0.011643646311070779,0.034821285207690435
0.0026166942174597673,0.0032298527263194595,0.01533548473732955
0.0076257051735772,0.021807277205238913,0.01863521577495719
0.0006770183190212405,0.013098974970171255,0.009073727086256029
0.009663788025374676,0.011867599806150908,0.01563516594700361
0.015840100264626907,0.022255630454450653,0.019576592577357818
0.01962051861408417,0.019544469756220623,0.011572912721310794
0.012956798702199191,0.019394923284544,0.015995802581403377
0.0020051127505904477,0.0209821315329308,0.018202044384320652
0.010772188181446807,0.013143757053525192,0.0017590759678052178
0.003557788954016908,0.005491841878091377,0.01381492296807572
0.004487349262706646,0.023246960560949197,0.005995922254589277
0.0004353963812479245,0.005183091574253273,0.017385398805303678
0.025825924350172207,0.010159134808807714,0.01131005966302152
0.014341563301737477,0.004220475490315067,0.018399822589395595
0.002350894051560675,0.012194046189271383,0.031958798217692534
0.0019674886771111184,0.007838770850547946,0.0011782373449193508
0.004882637088937767,0.009073390521494758,0.012227117739724628
0.02503756693847285,0.001029507874321589,0.006958831351472755
0.0034586259157420095,0.010665232227779148,0.022601940610813925
0.008751278617314864,0.00925211981232175,0.020212920332700272
0.006482697624065999,0.006755127917685959,0.05008176161601424
0.015223778901241233,0.0066276896373817845,0.005323129954221516
0.011812866644709739,0.0010995431874215563,0.0007975163217784618
0.023870510908904782,0.0018353299750964451,0.0002685945215673182
0.00789934255824192,0.01932825869020066,0.023995618929907953
0.022928749600002987,0.0165701010948473,0.005480890640431973
0.005475989865593272,0.001909077197405892,0.009989267782586462
0.03822844463802105,0.005252099513102474,0.008575185320225002
0.019360610997583946,0.014427264092861205,0.012178776554179503
0.014430947996216976,0.012803771431653621,0.007035283102484617
0.025504974939307357,0.0018632348913410874,0.012689902821931349
0.014407342490861433,0.0060940331763034905,0.0040317216892479584
0.011062511342641395,0.009514552529646484,0.004973859593348315
0.025497480047364643,0.011074221089760125,0.028341711067218216
0.008822612528456227,0.0171129792001452,0.019531144749692246
0.020077945855476505,0.005576336733925123,0.0032714182492674885
0.005909558427713048,0.00578889358928379,0.020558896757197194
0.00283341473906759,0.021740562366230603,0.011679543464791168
0.0036932774191189527,0.024335162693396216,0.011564463220273208
0.018373172590093648,0.0042265513359944044,0.009143434625031558
0.00036357625031345015,0.014150393164204942,0.022307402204678514
0.004080495066370843,0.023229179670487328,7.361904921030394e-5
0.005135261338082525,0.0034243811432331157,0.0019503747086218205
0.015981562355664232,0.02216306501096288,0.018288567559545853
0.016737111254512636,0.004165978296618394,0.013293811462251202
0.0009332510944757573,0.01631405206877703,0.005480859216158266
0.015511937929972002,0.009672693867737343,0.018429122504756028
0.004849826764220037,0.013594761089345748,0.0031792364546274015
0.010555528083020701,0.0029074707031239745,0.017890625376078197
0.0035111075441387474,0.026733116915329345,0.01311495363862655
0.0022404835015413494,0.010452697059245683,0.0310070492317765
0.029362577563423222,0.007402095429153598,0.026883523162744196
0.016462491608819227,0.00363926316655291,0.0035378788991901403
0.0034549989926487036,0.0004858584344680875,0.024487260460760885
0.01887097056781473,0.0006898235737865504,0.013874025436977907
0.023704300816035483,0.004584239395240399,0.007318464441543257
0.03384767564544168,0.003319150427799331,0.01055874438682695
0.016936977775322708,0.003341253482762242,0.04400414180950764
0.007219844041000681,0.01711112122617388,0.016198805781718364
0.020876022886044805,0.023190280161752164,0.0027143860726935097
0.014399238245163789,0.04238366808420685,0.008413722315852072
0.019761529329798914,0.02037678061817229,0.020162402330816797
0.030602394221381425,0.004622479794094972,0.007914952720348008
0.01010192609785374,0.00032715241174075124,0.01687597056080344
0.0031578017535431047,0.007267417634494882,0.007325372336103494
0.0072510803593359525,0.010143151820706936,0.029214821065595347
0.009760289364627655,0.00627341583794163,0.008769071784202744
0.028970649172218244,0.009456985010453832,0.007531681520165752
0.0012372948968780815,0.012404367524489495,0.007665484896841449
0.014354677252602184,0.006420941775031095,0.01339333118104362
0.023207317971580044,0.01799305602131902,0.012595922112853004
0.014182409850958939,0.02470040940035543,0.006692859919301482
0.011846432967368382,0.0206314622309695,0.016041280529011038
0.005652612119033941,0.0031919915120483407,0.01888353313741963
0.02256527889868386,0.007387200467587715,0.017436799233144753
0.003943072101684001,0.0037392345840188816,0.007715861177308505
0.013554535699757455,0.007559566590539817,0.013194298685025604
0.006229828621466954,0.009578108481531638,0.004965679395260598
0.04370570021113683,0.01997599756496515,0.026945168264057462
0.04991041071028029,0.02791175947934224,0.002599791588914714
0.03378410893732842,0.020860938520535777,0.00023246386498300387
0.006513925667889344,0.020806455167193257,0.0005098235546080855
0.034716143748430135,0.00981769528474816,0.001828026513135094
0.002733723588984744,0.015912342518221597,0.010995097853016365
0.0016604714825595695,0.012974308700708476,0.014336486657047598
0.014653497498938026,0.021621846453267497,0.013017022294166193
5.3680758853060144e-5,0.00025985996832538193,0.002767986656779359
0.02739867655088184,0.006732727724698749,0.011379763382536962
0.04367443928756442,0.029391408021715398,0.021531737600182232
0.02043702737616772,0.023290019858203566,0.008367265428281003
0.016169381092846102,0.00566402921076419,0.0010756166566008663
0.010350863076883767,0.008725037912736443,0.029823100549574752
0.0027700266459783373,0.003318864342529067,0.0013005429734498364
0.004432532483227821,0.004406155754395794,0.005834431107179245
0.009995462401305487,0.0026712028195143168,0.01652566312806961
0.0002478514611959793,0.000499615323710936,0.027649186700031792
0.0011875857873142953,0.005828363985358601,0.018159822797057294
0.0029300716294123263,0.018382021290581127,0.015310955648429936
0.017392747758486878,0.01737299209289171,0.007721343343780762
0.00829476333994525,0.00475294174517552,0.03982152337671037
0.011543307017556386,0.007343631128649196,0.010019897522744582
0.004267857321848995,0.0032935214353755687,0.0009366880464500274
0.008497654600530223,0.01039173534765062,0.021576187923753733
0.010427274426060954,0.017217802122466926,0.010515765844248124
0.029092199509817847,0.0022753513261292322,0.002337448516604572
0.03710398107609256,0.0008517858618908337,0.016177573473391053
0.016586448876531747,0.010921714502142469,0.007126089952292146
0.020930126693348476,0.008475202124312702,0.022193731344314696
0.006055949998920132,0.002633415866484908,0.005888122109319673
0.014434930910675409,0.002196704940998357,0.00899680871819566
0.011292348199269966,0.02874924865586705,0.0019079002352060254
0.03661845093915559,0.0016233102346381223,0.017862218085331845
0.00422233335412738,0.004644968741732437,0.0349328766714136
0.007039811106098962,0.008940583457714762,0.025205976631664222
0.029581990247424424,0.01119686095653353,0.008283645868156404
0.014074797163774896,0.03215980699290182,0.011879027589985568
0.020963704190544552,0.0074583046038812295,0.006187764592040705
0.0037847932643120833,0.01951236954485138,0.003608326368937693
0.028558325103114134,0.010566183532738698,0.001970309367233354
0.019449483124339677,0.08097194951816232,0.047020245548633974
0.0034913643720150063,0.0053424610158767875,0.00982631127185205
0.0014444781876535343,0.025175437755394072,0.007504419660667068
0.02169167294011498,0.005926220976589017,0.007433701323657535
0.024521646561314045,0.001158364000016057,0.009684834064468637
0.012697251495691434,0.014202619962198152,0.00931243893558748
0.005074515220871007,0.008837383096197145,0.0012390572812550106
0.014532842751586577,0.019678004686163323,0.006052522315802582
0.02344867195167218,0.012790159521497922,0.004584173637614243
0.012941688801637744,0.00049471667306827,0.0017256150331325776
0.004612504512253601,0.011337790876305827,0.018163814366355543
0.002440326010625674,0.0074640734464254165,0.011708858179570373
0.013913766694918575,0.009591621503495313,0.0017352926432526975
0.010473497939555945,0.026025297449594167,0.01385757576835865
0.007042963713585983,0.0030960337686487933,0.014404386515419774
0.014133631719607841,0.02043895415546469,0.00019207970978193635
0.005186455500303145,0.0011254691367464315,0.0027253552345536105
0.017374128185311616,0.017367351936275272,0.007599381662850864
0.018428002547784317,0.00977728881561935,0.014939674659818008
0.003616482812384814,0.00497096158439915,0.0015611588955174087
0.023956360414759608,0.0035506517714356334,0.009615065361497475
0.022500777835863895,0.007588578302964136,0.011232967742534917
0.04781567561845123,0.034799275349028484,0.02737252250619323
0.009570904906759619,0.004053036544064796,0.017762818188942885
0.05622277269736545,0.022369341704295387,0.0024975705064177287
0.01898319113110268,0.003919170993833817,0.010586096837436757
0.021621266626069214,0.017329982232280754,0.01593673142301015
0.023379180635590746,0.002414134108551903,0.00956832317417979
0.012503673554255853,0.001175214403420162,0.0022516571468269094
0.01849664941359068,0.016387303151455382,0.011603692992141403
0.012573070711734404,0.010781792863417008,0.011246338580169872
0.008995546659325091,0.018143846279461032,0.0027536678237946345
0.018218421697832058,0.002497199957355567,0.0035246527115161434
0.010169187693195506,0.013874284009938105,0.01232646536812796
0.006322415351918787,0.011586883723815018,0.0030980290936109735
0.0037019362971630557,0.012834549667087516,0.004664211096840878
0.01319587534187765,0.0026325227162388347,0.01285740897024429
0.01254539328782381,0.01356068766571228,0.00879324338370055
0.009417793482069638,0.010898813729260303,0.00431483120964511
0.016381268765360116,0.02238070439632793,0.014595380616647632
0.028823940694782075,0.018395207660593122,0.026588792900609746
0.020660948804371675,0.0230740761620716,0.018545321890301756
0.014718648786839723,0.00031324681169942213,0.014051328402668527
0.025748215671306515,0.003159204964494013,0.0033747904436841718
0.024874869321062653,0.00027105302746768643,0.022165058300518223
0.021279425735131287,0.0017488117962286625,0.003151803097859403
0.027808273402503553,0.006339736394298412,0.00477482193732982
0.004707838006633349,0.03200602128531792,0.007430577858787177
0.011318747751182577,0.026299422515369746,0.004605698414686837
0.012119789335907979,0.0011000705876480822,0.002251215875560076
0.006771558184673848,0.013853075563197566,0.008295079694231936
0.004489585572056373,0.003940549389749535,0.01569851600719497
0.0300239737958697,0.012902826417032684,0.007594962822696611
0.0009580013435373549,0.02245501642160214,0.01897212764144904
0.012098951054930179,0.008675614028265619,0.0029022905165261795
0.002179596547852067,0.01790696543668689,0.0028324098366710984
0.0006851450619925495,0.0039045735212710677,0.018933289307157493
0.004966803837463982,0.0010010855111840377,0.01398837144569172
0.006147488077764264,0.0021227529176620036,0.01666392235772903
0.017126861935062663,0.006355268673606411,0.013492262930373762
0.013821637219519971,0.009609036194714841,0.02355458564405584
0.0018059294389731143,0.020789463315762355,0.006376890103866972
0.003801443325511126,0.00519065537038604,0.015993046428141644
0.02427121600082899,0.0055293749530226696,0.003647471162980572
0.01935897085508393,0.018070395352506916,0.00822303771223452
0.009604645700414282,0.008359366289733886,0.01113078856457445
0.02045163123769376,0.020458637872566906,0.008471634652261584
0.021126046707296946,0.002387276656158531,0.014444645600456735
0.0071317996387917325,0.007374036838720651,0.029348218932711754
0.0013608320188799516,0.020772553607831527,0.014698406207470809
0.010145857842260717,0.013187967023407361,0.006333191701386511
0.024848820016564934,0.005708476723484382,0.009646787421836151
0.004358697902223406,0.01295444879737433,0.0019037694216689702
0.010072270437145772,0.007814714108383088,0.01892019289497838
0.00559181027101481,0.005686808391305584,0.009712564795645758
0.04469754184509935,0.032896231522386236,0.008833604437181676
0.021949233287504883,0.005726609560650542,0.013023505752019863
0.030422243363015643,0.012973757731037042,0.01126795361526754
0.006973310656083162,0.05111108797145419,0.0058600050169902605
0.011810673592240471,0.014183267514422627,0.003443226330483288
0.007081103625126815,0.025491284232628357,0.000440183690773331
0.0010788397309830858,0.00635181190756534,0.00959749089586935
0.01338350928757994,0.00748836165106827,0.01697548141930162
0.02449972383961818,0.0012305051783625788,0.002313396896961744
0.019518510402565237,0.0012749891292873784,0.026939375870166236
0.0038951048024010505,0.003954160904535936,0.013574821381294731
0.035268793880446445,0.01411176740295952,0.010286383645069667
0.04206982075656281,0.009882138480349129,0.017918069930946714
0.0667256232221187,0.007228938885595841,0.014735388695497915
0.028840171930206868,0.005547431099135967,0.009470790414860585
0.01475500749916021,0.0016498438780455605,0.0037200505472770825
0.013793942019116177,0.01315049510844244,0.003082243784916673
0.01591696836617666,0.004103624570135364,0.021749289706780382
0.013706122137654042,0.02185980388376597,0.0014105601118032652
0.002884560850330354,0.011791914433960306,0.01384851587977383
0.012659302873201252,0.010975676676745753,0.024253871550838066
0.029462084980269615,0.004707068022623647,0.013620391601884654
0.002036569334472124,0.024035052344929763,0.01034283241310089
0.03189281846353339,0.03152422287059605,0.016643942744650756
0.0038702877797173766,0.010524457360020348,0.0006994220906571261
0.005927127678446875,0.025437427814185534,0.015802889215594005
0.0002728380795315761,0.01381642898474045,0.003995346580545744
0.0010247467358974946,0.005056723315159178,0.016231784067006413
0.013756386069005455,0.0038304809724886237,0.02773556399960492
0.022733914844073205,0.0060189081949712335,0.008325740464819452
0.01610598728469229,0.013791510010935462,0.005291219285421072
0.01667903330214168,0.019037405051156774,0.023004290442515698
0.024154091549781986,0.010503069242365786,0.011535586698581018
0.010628170848261212,0.004534680847229568,0.010035478285692815
0.027885767926747657,0.005009727696884041,0.00039625597032888563
0.005953140654108376,0.006264166337525075,0.03824414770066906
0.0016741688667384392,0.01052899965371059,0.0021741697999017916
0.010190506616593563,0.01719484262319225,0.010703494705272728
0.057066383750564144,0.00463864351461357,0.009633970457342564
0.011333054320324441,0.004089233896071521,0.03282766048509619
0.004225269898468575,0.0005241861190241103,0.020991625155534207
0.02620574894622379,0.006680224239182197,0.021488679528047474
0.04527573864735392,0.002464250747260986,0.015237390743857908
0.026686334352100258,0.010506280263233659,0.0064806586424659635
0.007811540165803797,0.002360783029552397,0.014312106110306602
0.02879314024274251,0.0012397837499549898,0.013879688821552712
0.009430810889262495,0.0028806093420102596,0.004653432630684742
0.007300216922605839,0.008540739224407306,0.002594104328345573
0.028596803808540988,0.013084899901681468,0.014433431864004455
0.00511927148516144,0.0029128965411642457,0.00855931948143087
0.02281117751139681,0.012156045023753202,0.001615330257231302
0.010676883792377374,0.008070493126329696,0.010573479746525168
0.00807603146522066,0.011559403098240684,0.0015808388476235779
0.028313430480990977,0.006629925269243847,0.01874337749061387
0.001745777328883126,0.009624335911275433,0.01549876059627363
0.010613301963592931,0.015553171549293652,0.006138736549063696
0.010357875650387871,0.009127697519030158,0.012536776338893371
0.009635374164337109,0.015690560058524525,0.034326131208058844
0.013080552780018294,0.01867002026248367,0.003920964105771325
0.017085060204511924,0.010087707845055058,0.022431066610191133
0.031225242020011687,0.010494804964067012,0.0060207246303671386
0.006468713753670804,0.01779370833662264,0.021198187984551385
0.0125508127312641,0.020366573496429206,0.013216192938438643
0.0029132092691141246,0.00012697703554199124,0.0006357515226540326
0.012342794753562569,0.013009972819551288,0.01241884032557041
0.004247868720009106,0.0010065241521072083,0.0008804232741613136
0.024940064153467473,0.002434854822388769,0.002490125842823073
0.0202163931802405,0.004189948315620056,0.0025114624706623445
0.02739276063500536,0.004220076222319182,0.0040231408889463745
0.007036928587823484,0.034867155230297625,0.07206558913987585
0.02866044182528225,0.009537416275980724,0.022302534161908732
0.019356073320213118,0.0255481649329504,0.0010006597111307668
0.020021851623969862,0.01860388482805704,0.012697215080188172
0.03209454018935668,0.03494454989259764,0.004391680601706203
0.003436143570508929,0.0006622691260850555,0.0072096685248423924
0.0012583132665994372,0.025632511231952725,0.017148981168778547
0.00949830470150276,0.0020894491100752425,0.01957337590875832
0.00247144804934116,0.013395931955897392,0.0322599127222634
0.03246638818023003,0.0056497233586670975,0.033404671420462245
0.01055907300387061,0.000524142308900397,0.005750604309615076
0.002530499897338816,0.010937680131337224,0.008844877474706381
0.014552625564721493,0.0011550008552834964,0.00458457758037026
0.012811849928163397,0.005052973632713582,0.01882717615232634
0.023041101770515715,0.007263057644616968,0.01068747556074624
0.012201711655559751,0.024712735154239874,0.012937781353935654
0.0029695682639396055,0.012974642781018845,0.010121213128659969
0.021808337822633427,0.0021582516324184196,0.002558644889677052
0.013374672660099202,0.023323444151511,0.023710939383229768
0.011040840568970183,0.0005119531617097859,0.019960353470149177
0.00690641250455994,0.025164904210656102,0.008990731038600753
0.008342092351362723,0.016129205835714425,0.011372653318972187
0.0012833260845897256,0.004045813992690874,0.0055563431074485865
0.019722660341494058,0.014710226722639807,0.012375932563594733
0.00582597284005074,0.01563359891115754,0.0029293149092566844
0.027978973642065662,0.008978652543733581,0.01113455209728836
0.024724321063693256,0.008271873996120883,0.004327925185997524
0.0072609582318822075,0.02664702048236096,0.012141929519909497
0.01595320711563462,0.01849510560452468,0.0008709062397946515
0.032902537058616566,0.021418673108845307,0.005263753269079328
0.014086672414617826,0.025337108622694202,0.013236133064189146
0.022859492781895144,0.01713682565844885,0.017241661949720908
0.007440268620517393,0.016548433461506362,0.014624140648915674
0.019195169742587264,0.026936154560690068,0.017721448063843622
0.0007544362050138793,0.0193863405401806,0.02000845934164374
0.004840632151620129,0.011460824992489222,0.010880451735846217
0.015011451730537988,2.416547687084034e-5,0.006061011279164432
0.0154290061265263,0.0006822225602775261,0.00970170600531534
0.0043568606904910686,0.01180189888736127,0.002279162045659244
0.014353195919482023,0.019553625380814243,0.001516378369053612
0.011951056403349229,0.017205021291169353,0.009733802374013268
0.008108186079508249,0.005214457563842949,0.007225337027193803
0.002896584863664658,0.007168836845313407,0.007352738268754098
0.013265352599961118,0.021965576373716808,0.011559161278098565
0.004411488976142794,0.02604361383240639,0.004395330455255414
0.011154416665860664,0.01156038897824772,0.01929162891652846
0.00011751701583212557,0.009219931937675547,0.015268375765464645
0.024134506420668597,0.0029120729735146204,0.007086997959133844
0.00336144699584837,0.0053344142018254305,0.013841749166961782
0.028172158492298222,0.0043207394821941055,0.006584428236115309
0.007777819994680222,0.012348538457721759,0.00245757318304125
0.012690610395115202,0.020983622724736847,0.013096788049186991
0.037526150631838964,0.0065748960986729615,0.004343193789206263
0.029719427763760707,0.0020235181961741244,0.010568491241279678
0.002024378566377537,0.00745491757906374,0.000746764136251875
0.005155462150294236,0.016393355162115833,0.00016304086254138268
0.00649563451493453,0.012346620828598153,0.003823074368389798
0.007413241018715006,0.022066910534191592,0.00022060517690044657
0.05067976247420665,0.008180036247544932,0.01639905281664851
0.018493838378860185,0.006451430122641455,0.010937388967542885
0.0007461852429319729,0.034817976135498516,0.008405069419539923
0.00435197378464905,0.007984854620851614,0.0005094925662096641
0.005243558018118542,0.02176204260898814,0.0037127124444596067
0.004065761303132075,0.017917385781377162,0.007695899503639047
0.022621084931387547,0.011013678286757358,0.00782035749837806
0.034501297274590975,0.015146586916543688,0.005158975060618312
0.0005882803593270595,0.014646003934518313,0.0024360369489074734
0.007517969349978351,0.0080110808986885,0.013231851863850034
0.01525579014096671,0.0016052858943691958,0.01830572808830324
0.009793024312749992,0.002260579719805709,0.0006930775339896918
0.008245374977870392,0.00021731437937547754,0.01477802515673687
0.01708346798901485,0.01031934197274468,0.003314559720959899
0.02098939055033115,0.0036603498741394976,0.002385703343411345
0.010084097285828207,0.002642199601745925,0.000330896428490101
0.028324036362506758,9.551542123494171e-5,0.008277779468246363
0.008162083991964435,0.0047733189478434915,0.009816475002575535
6.0258106788634825e-5,0.015107913178349638,0.009087213092080515
0.02457017237899811,0.005129495538931295,0.014258453283231432
0.0367222361421685,0.020143696194204808,0.012844805397114922
0.007526055239632726,0.009435703928462573,0.0003605391708418661
0.04839364552061238,0.0068759512819185605,0.027685439436359396
0.013329175489965176,0.00865940199366178,0.006558030824863635
0.021665016669064605,0.021045800766107414,0.006694330042623961
0.009915953350792232,0.005592342379369024,0.020134764539171023
0.029042445012388587,0.016975507911301133,0.024690135276437184
0.003623966461506444,0.0011801871352498194,0.015240332389755336
0.0003952565121501672,0.0006890081406784399,0.016222626535849393
0.009921983892480104,0.009809368253523697,0.00970957372064705
0.009162143618957442,0.014909248429769914,0.0010500127712360877
0.022378101474435672,0.000992765876063888,0.021127849561366877
0.017818572201200478,0.006670925005330091,0.004081744772072026
0.0030890571704571186,0.005965862225809528,0.01617808156782278
0.03313294599756931,0.00371032154994248,0.0071163431943696035
7.799332190684211e-5,0.036809247595820556,0.013460180460597682
0.00844358223172005,0.003379324957579369,0.01756428325777425
0.006289403505896984,0.006549606437649523,0.009051123104914417
0.014469284210431784,0.0032863353608565135,0.014211647592819876
0.00549311760661873,0.010511582179989879,0.024437466694469532
0.016411594013689107,0.007792213316578788,0.019635079049769688
0.0017654134172960633,0.0021160502633119816,0.001329664615424052
0.04246611463045391,0.011372392774487457,0.009936063476650617
0.00042441626247727044,0.027224986006641565,0.018961652869459764
0.011721838075372444,0.0020777061401333285,0.006286420241578448
0.021249670359620956,0.012546877912786311,0.00564064536716031
0.001587773664293864,0.022028168289926906,0.006070368676817853
0.00878567762600419,0.0001951088350054033,0.014172592159168669
0.014932247070891101,0.023850383899726983,0.007725535573811768
0.004960092531306785,0.014738504397516495,0.0013326272052568275
0.0051311380230968035,0.007872345933663373,0.027945294336182286
0.0027536029379157567,0.015944407836262702,0.021466253753375426
0.029242189192470392,0.007745022563132708,0.01605082666653481
0.006050591830548768,0.01646504069181151,0.00025487785578253824
0.00325515132682405,0.01389180253351324,0.0038987708267417777
0.021850587893833946,0.007869277233532809,0.025219800574779294
0.0012435674545036635,0.010793668638274976,0.013342700197098217
0.017172957590539054,0.011214490165808907,0.036995000093146754
0.001394332611022912,0.017040905451050442,0.010505845573653557
0.01435385999116453,0.009266844216179747,0.020915711971908054
0.009081061330649605,0.020153297057885038,0.0443812806537771
0.005719971810604828,0.015370099102584618,0.017468560415378573
0.00028330111257034797,0.005434436672253246,0.005108822570122813
0.010570857131521973,0.0033681047661923663,0.01581864142482512
0.028781223346213396,0.015218522333688625,0.0030650494724181166
0.02231635928568229,0.01309331233034567,0.013740210501350027
0.015248984606117743,0.011931008036207884,0.010462432401315978
0.010995630671120698,0.018272473591692706,0.0006196319291729264
0.018220305995498984,0.022636985338816612,0.001385967271320198
0.016991574332627584,0.002741627411659135,0.004907032688969063
0.0025425900705135364,0.01119309593154421,0.00899372039552154
0.02030020763681656,0.025023123606366396,0.015234745792367606
0.03272751978859445,0.02412918108719949,0.002081809514814641
0.016958875480019182,0.0010703610687557443,0.015529547681889962
0.0017298274888870445,0.03150670447962908,0.010685534973868744
0.009528351344940855,0.013971464245974008,0.02130584568486699
0.01733532562590772,0.018828100524245467,0.008764533609083169
0.012184789897984697,0.008800071354421315,0.0020521829572173497
0.005570349710759306,0.02283644307052483,0.012915704570549044
0.024305213556126522,0.020220520559073193,0.008880167570408801
0.03214753148593359,0.004043965381246668,0.024124677365886717
0.03697149142243165,0.019102168051087155,0.0010887759469938722
0.014135516656207353,0.00646547000823509,0.004201540769614972
0.015387935408869522,0.009734297266202091,0.014080906544569881
0.008039957653401788,0.008816741978246147,0.0025388313081785656
0.018861521075301434,0.025807085530190635,0.009403455974997317
0.0010831348673233491,0.012516862435737823,0.012848584471267478
0.026387780557809368,0.02557571622922397,0.023538644839462615
0.022759416084357813,0.010178315726237648,0.0022889316067745778
0.009707508810950052,0.007270247946054051,0.004664528117077285
0.007493245516670282,0.03694912411864732,0.00724051034119009
0.01786162969652958,0.022947772696167674,0.010867772835369483
0.005006797994959481,0.005789700203811035,0.025129325825392564
0.010409779421765335,0.0017682273012011173,0.01582697475324124
0.021788882560813457,0.004261715266192241,0.015007675688421552
0.0023435129022905217,0.01471385997727799,0.008480048652991436
0.023900114995098417,0.0055390297430251275,0.001047700349641312
0.03468344730489947,0.017327262815092486,0.012521644494041301
0.0047341528320488276,0.009934691228904545,0.0038572868896156257
0.007042238422662866,0.011046067967679967,0.013945575956347931
0.014213086542671461,0.031592637816942826,0.010655748420694324
0.012221403874574306,0.0062622981015119,0.026192018655582655
0.03355886864917249,0.015427337520105073,0.01466527160510987
0.008514043770354907,0.017225201004753735,0.011944657102939796
0.013807541538986836,0.015370950498084382,0.0008030939418744086
0.022965911587454462,0.011774279735755608,0.003022904045219271
0.023331181266768055,0.012891136435757098,0.008825963446850974
0.013650673807279608,0.007317152561122703,0.0056842927264760075
0.020865948589650435,0.0035797656364623303,0.004633135623328708
0.003038627703633959,0.00915259146385335,0.016136191651416592
0.016072640907315264,0.0016161783344508264,0.0011917555857053391
0.011691612103948076,0.01869970258757435,0.01700774351353421
0.0037284428598689024,0.010899055114416467,0.0004284806225153149
0.004787159477090908,0.0034340904463015867,0.007227473404950378
0.0004521733757721812,0.005634610651731801,0.04167887683289127
0.00015444991598607903,0.008420985871656565,0.021135632333945498
0.011814373493475312,0.01976521861358486,0.00019477490089211104
0.024197493848452344,0.017288886594906034,0.032584708983628224
0.032045404498710184,0.007087143849994874,0.016335298901277696
0.00593498091739216,0.0017616936773219131,0.016225526860094708
0.014341038112287348,0.004542137330472596,0.023830838837151598
0.001720281721404177,0.011677000247889589,0.025016177851302748
0.00289108221055828,0.023151341892266537,0.006587182153412975
0.0010265304636849324,0.011788242891824084,0.0004695057964249689
0.019717303980071755,0.019958216685664127,0.001769927883840199
0.0019417600571573089,0.006386519778120921,0.004287880979507557
0.039235605186169295,0.02574803054336979,0.010858785341143122
0.0014460557688512337,0.0058591567449197,0.03561530642351429
0.006478284285523451,0.00022646661797265307,0.0077764468110281286
0.001806343812462591,0.007363612636486272,0.029565764862135066
0.008978041864279817,0.00988463990967043,0.003919123185846926
0.023275793471032508,0.035495048106174744,0.02082917834589992
0.008464447022823734,0.006935718486771847,0.03220443115532449
0.007134049766477341,0.004526613125887706,0.012929800345206804
0.022858781138334963,0.00826444090819616,0.002732661795071868
0.0267013394100036,0.03927868114397354,0.011458745077964088
0.006415584161729699,0.011530580371032374,0.018426032012023648
0.004841072642961268,0.00940688606547034,0.012442898526438892
0.016937985122541053,0.008468580868529928,0.008848840862395608
0.02019375675088982,0.009979605540262485,0.018418676649291702
0.011576939057466942,0.006872779963727829,0.015499140289112359
0.02698624994953555,0.0020612397283549344,0.0033067455945756164
0.004182587204004578,0.014088455142528203,0.005146348374646056
0.014497677072340178,0.003459220440097377,0.02167556777685413
0.011747136674493647,0.0053727970235365905,0.01770772399973888
0.001939112760334057,0.017635857147312882,0.004233345879758962
0.002033598816322013,0.0289703570552115,0.024139221271381874
0.019961361080983373,0.002091573932945867,0.012289469800414898
0.0077541876491932895,0.017203053626025446,0.025098132121374194
0.012814645096061065,0.00538391137418043,0.0032825001385719
0.0017017245090720403,0.018122883031887783,0.007574109401578086
0.02566641292414953,0.0011575420175481842,0.005390177227826484
0.007969452201693282,0.028281331788428964,0.011710388831866812
0.012369494390633189,0.02414044206831408,0.010014735385128554
0.02093460477592898,0.0007144764803847059,0.02049395788549503
0.00813690188002792,0.016706093579827216,0.011423280066385474
0.00379517506778818,0.019793472360865916,0.00846516104560511
0.005091212511026195,0.004797239381653352,0.012150513007825367
0.011028998260927882,0.02073133769911844,0.015353163242885675
0.0013792379891509811,0.01165730120590638,0.013692893544143615
0.0016295874419868263,0.0254477573672501,0.009486387845464715
0.0016449497262914221,0.0019261041564937198,0.0013544759651704307
0.01102480524002658,0.009679338311680236,0.01215405949174808
0.02141990128114715,0.0038682780874856903,0.0021764746599879825
0.07184432635505851,0.02604318312709518,0.002777798354550702
0.005040394113959601,0.017941252211281167,0.017472533539216354
0.006803236734441737,0.005784140654584472,0.005191278246664277
0.018547103465704342,0.004331713566174918,0.009469874554060417
0.018000198539441393,0.01655080797451532,0.016255440530572672
0.009534512514425988,0.010921402335915938,0.004660922115049042
0.014810681795106338,0.005252970725065607,0.0045424190402473166
0.01245368620103622,0.024837716484737735,0.015539405904774211
0.02983277031459482,0.013418867046356564,0.001136794325076824
0.0009041198947928086,0.012200949105990061,0.00767809395961086
0.02925939979870162,0.00829763171927865,0.0005186411793116346
0.015226833058767663,0.010587158841634923,0.003657163600453956
0.018153958172488365,0.0045791589632306505,0.014261818490234564
0.0018079417450166668,0.0041794507832393964,0.014241761975588853
0.006883828874147387,0.021229599514802935,0.008306156467926897
0.01621471818921112,0.006456576034073406,0.010779095174179696
0.018825545463075567,0.011557735895529173,0.0026646551074313955
0.01662558117647676,0.00811228046745298,0.008148636449930122
0.00042987804420856673,0.01863771871797432,0.009511932970809302
0.0050008670302396875,0.023643789791091167,0.01595634007711277
0.022152913476083783,0.0011042385377045484,0.01696221854937451
0.005077877222007211,0.02206208553497831,0.036794278317949486
0.003196918878812555,0.004659809936159502,0.014219903432068142
0.025130874432143124,0.012778436444703584,0.0012087486407168808
0.001044003279770716,0.009924052560633804,0.013278492726724739
0.01195708229217658,0.024740440495924696,0.00253439957408447
0.0028630124349886205,0.004458960311261418,0.005512306448562763
0.012937945766378838,0.0020627153105470092,0.01425001980794014
0.010883628647999013,0.004314636539519295,0.0010807840364805532
0.026828626590169647,0.008656911733459628,0.013871497601622613
0.026238642806924888,0.011750547463973063,0.008342864802041229
0.007882675520762635,0.026988690946636116,0.010566357776389831
0.01094620587050453,0.01396206337891812,0.012394445855346022
0.015374535579250588,0.0001809428580170634,0.004510212697258012
0.004775698304283503,0.02085005750399835,0.0030571773269283176
0.010993892187338103,0.03278136785086076,0.003985605447533891
0.008799811189512086,0.010373035606323402,0.01099390848755348
0.020576933394326757,0.007976129414693969,0.01777583304631151
0.0333405162285757,0.0064493544595614,0.015816971668527018
0.0478486939770605,0.001724026925809712,0.0027856879742920687
0.011039950744509074,0.026426447967597657,0.014729559067288844
0.004643685936793513,0.00012690626612056182,0.0069067463366225615
0.0007791933673472948,0.009104167356687514,0.003467819349284353
0.006824776420153743,0.009243175031768266,0.027581605637579873
0.012848647281506347,0.02091018181913034,0.000593684400530007
0.008384649594145139,0.01833576959989001,0.025160513739336476
0.015623045605531717,0.00833388635027108,0.031208766537017162
0.03350122120168701,0.014503336929181074,0.0481191362685563
0.041344636066891385,0.027548462933966452,0.01442199288359917
0.0198085845515951,0.0006391715572419169,0.036835854618545445
0.024062893969697498,0.013282790405198591,0.011566376252882232
0.021027387107632925,0.019641393346351444,0.006902317782177104
0.0015631368290638648,0.0038942521452902334,0.005944661072588203
0.0050857557449442035,0.008500302231374681,0.013504928659100336
0.00654067154355062,0.025657319410927804,0.010764256136873488
0.027306007327397297,0.0036027530030524352,0.018057230447162034
0.0012525960714262414,0.000620503925697542,0.0076502381287938724
0.005453822801847242,0.014953950012075149,0.005974541357787952
0.008869451975773972,0.0036977578150169826,0.03208023791115409
0.017041966987796208,0.03141225633083053,0.01430643048896341
0.019526442751231884,0.002437877267511767,0.0022036419685324566
0.017497569441208935,0.012844544443356316,0.010220850568051422
0.0031373976125644975,0.016734879744090714,0.0295763580854454
0.007172033861553434,0.00012970491245163258,0.004143397404134221
0.017933590732944652,0.0007849606534153356,0.00786201099840254
0.02866550449058041,0.0019249541269263034,0.0028348557550907563
0.0015357299671228191,0.005807587385103208,0.015066033194948593
0.0005482706848569188,0.022410246462894908,0.001665290649629584
0.027843389567273103,0.009010890927378312,0.010034706261881082
0.0075206165530272385,0.022247973919009758,0.016525547780991214
0.0014631621620999414,0.019214311324450926,0.014985706454020708
0.006634957981530395,0.00911703402478964,0.006955699092163311
0.018692650402873257,0.027331743590778813,0.011043874077877582
0.00409858117175351,0.0443386578050369,0.029887350924148695
0.016015092391212363,0.013592070059444506,0.02146967928256027
0.012874493333634274,0.008401159011687294,0.009191696244992251
0.0012767579476352417,0.010260073392790265,0.00466674598291623
0.02201467125039528,0.02451471596408049,0.02568007486122044
0.022624835907327855,0.002376836311954378,0.010275358734293999
0.044069973875954065,0.01827384282110454,0.02832749279681018
0.004694183543972218,0.006949784654000002,0.02388829564764537
0.03325524610249934,0.004509698130572388,0.020563186067578097
0.029763257518446124,0.008490613238654198,0.008592520040036106
0.02785013077313275,0.007215083063317147,0.01532553848950501
0.018602512818522245,0.00943181670751603,0.00044459023999222225
0.0025244264122596923,0.020235080085747363,0.00843710049322467
0.02292012329357315,0.021280125494722336,0.0024751997452211287
0.013035002113688616,0.0008052071862495287,0.008175012290247152
0.012805182269582698,0.009081389404968963,0.01273067780546395
0.004243386303301058,0.0031829777794984276,0.0029705904436393427
0.013349860985222865,0.012133866596683515,0.017398690773595585
0.014053066929947927,0.011210258465987373,0.01851410130913769
0.010903138555193627,0.010724414846965496,0.007612152900617381
0.028459601180071323,0.012812474723210862,0.009108869914813944
0.004066688228588078,0.01515637457321925,0.009383493338254091
0.018156520047900786,0.014065418870227378,0.028157930888729543
0.0049918234856127595,0.007912014447588635,0.010660028845617774
0.006623929771049572,0.000179076542870413,0.0024320411125277716
0.007148837001605061,0.013168399626893314,0.0034522393735568107
0.021664456262782867,0.01518774823167918,0.0062742537841516234
0.02034283282352931,0.05080964170078615,0.004768568629805788
0.01779274120257705,0.0031905529616589605,0.005637436318551162
0.017754494352660882,0.011078762937527232,0.0032756773894055584
0.015477593627254623,0.026725518375436328,0.016092818682430295
0.007564149444964597,0.013018747453566092,0.013324176364405842
0.004307448361913181,0.02615131095385269,0.012658953069617819
0.013126330508156484,0.007521134803484443,0.004882015237288971
0.00633598147515106,0.002120079985019333,0.0009135903845133119
0.013979531586151209,0.023776355183942964,0.002786809734804304
0.02756241596257051,0.02822851268195707,0.050057748577196276
0.037898528968444846,0.022553015797199007,0.022282787460316124
8.158389806325662e-5,0.0068688839504831975,0.01413626286171608
0.00646471463991421,0.00908834718974383,0.00393621721525529
0.014245313894454817,0.011056805689056483,0.00950696687000458
0.021177477564723848,0.02201092161825748,0.013578320619519834
0.009608936452467822,0.012943842370084786,0.016305098210394733
0.032248835488123566,0.011248038670598533,0.010288129476898574
0.0026724981791918004,0.0121903075322869,0.007468710183953764
0.028949721833858726,0.020852287130380003,0.01848593229059444
0.0057876363556727175,0.012061014605751664,0.0004562813295653183
0.01871271876689987,0.004939857330812735,0.019185873592109954
0.019161303861047873,0.014723531086096451,0.011786717328955445
0.046437299364190804,0.02855661767968844,0.008261475461471405
0.00867653533180289,0.010236045489239825,0.020371632760805846
0.03340218592524328,0.0037122930619416985,0.013737656854993967
0.015555578892336745,0.016083453766801616,0.012055640176881531
0.016733455385725727,0.012440548559843912,0.032747336205666
0.012439930266262606,0.0035907793342150806,0.024059386216132683
0.007736750470974145,0.0100127806831375,0.0038287346645681803
0.022886676709987556,0.008544127705705687,0.023832152643587488
0.02532785554793049,0.010749000768787813,0.020165857455360613
0.03330128603611407,0.0026394936641327155,0.008254924826045836
0.007602433297843514,0.016213692806919245,0.028743080100370924
0.013586864906796869,0.008499820387412203,0.006475298582856878
0.001465511883806313,0.02065728231734933,0.007283919506215406
0.008276073657457854,0.018189280823849782,0.022006937888496926
0.013717347204074777,0.014673160883988217,0.001204865185373187
0.023119846392454263,0.012062257107480028,0.019442337912736224
0.008631067586484525,0.02024892098601079,0.005971019276270011
0.021405450890552718,0.029160216631697183,0.026933309966147397
0.00020041384563889846,0.009386504199179893,0.011694137963584548
0.030210996202472144,0.004831338823983366,0.0018086837943237732
0.005437075950800712,0.020294963860545474,0.018705942937667634
0.019816109824891594,0.029570220663899402,0.0067582237711769615
0.01649185870418768,0.011380183326016006,0.006889765088907909
0.0026812604484530702,0.001229317762607796,0.019933412592700175
0.008120953982736606,0.020463205835530733,0.012196994903328194
0.025661042249111147,0.0036834674168066362,0.013988870931048409
0.013497303960205754,0.02204565767755516,0.018869059869363224
0.033000597674054014,0.019497504853644383,0.007551890437350605
0.03685557914755616,0.0015209993702350458,0.021883663047806885
0.013841362038043255,0.026813659717451737,0.027744306376934202
0.017776982336952286,0.028131960066772013,0.006206798704510526
0.030111217142216325,0.015870110943786396,0.022024760619828436
0.022181560808205526,0.003996342039550793,0.009849275581903825
0.0008345589931002011,0.006347865269061444,0.02307021884877731
0.0027791406115838194,0.0003885743936657344,0.010699238155386799
0.0028430005478764547,0.011675751360333698,0.01843051259212687
0.011365301682071055,0.004358915685275396,0.02293284417583837
0.011962816353613126,0.008994319786091725,0.018249664924835735
0.03185688508564525,0.003598174107342323,0.02222297604804831
0.016727884953088468,0.0113907392270997,0.004046324185906339
0.009280368448356445,0.019994586759494722,0.017660948541690973
0.03418371299238172,0.006222644818336298,0.02283028949064237
0.0021958324789472117,0.013643084485950002,0.010391746769945902
0.019989556862357153,0.023669479523772328,0.021028364789184194
0.035053249219972694,0.02324203615395112,0.02892456666832375
0.0018505404682936013,0.010031225237984175,0.015446722779088514
0.0027041127518601504,0.02197534430882639,0.0012015453903117383
0.01297829755606221,0.0051992729598063035,0.006261276645263169
0.03620713544606974,0.003490259921769835,0.007270695349715534
0.025840142276709648,0.006207211419386839,0.0003845646854639262
0.0025917060187575823,0.023600952784697402,0.016570837538357412
0.022894857184567945,0.013230109139451659,0.014748392452689494
0.002802367865806656,0.008736114043880113,0.01928695989636406
0.02084062779456151,0.008880338400982459,0.03387699778202134
0.008703693058906607,0.005731990583441994,0.0024305042765130113
0.01630002105511372,0.011810089815391956,0.012812599939422112
0.016489048275285474,0.004022544599858889,0.0003816329906181742
0.0349757030088837,0.015739166447241975,0.011976383048053211
0.0022745478311160107,0.009508792740331362,0.0030782594963090428
0.01449752721285014,0.002334044985763049,0.002727522937438299
0.002992468760200042,0.0017171889012161752,0.0019231246982957509
0.007390811179799072,0.018148000395992347,0.0017791725965719874
0.0629302273809257,0.00316256326375722,0.00560966408139841
0.0015941279716901212,0.020564849489248624,0.013560229047047274
0.014571054382033044,0.0007811507036889387,0.02315578297755661
0.037390898609790266,0.011603061003279744,0.002400096729427078
0.0013303048265604514,0.009762513840591782,0.016198773107103468
0.01938048721851563,0.014698714593838468,0.009625240631825537
0.0025787353087889627,0.0016989902954969401,0.0026107203362523168
0.03269938555108748,0.02305988996586695,0.023083593157681288
0.011326784001614973,0.0173070068271113,0.004633507343356001
0.011602368596159708,0.0024754472310816425,0.006647093862292233
0.0023507612871373307,0.00914673117509463,0.010208691927570413
0.04694764104809132,0.00513454820574026,0.009804041473369477
0.0033957005376030113,0.01587216507116981,0.0022786796230631267
0.010251993620076078,0.008391312362004215,0.018905591614035582
0.020575977863886086,0.010437167175647669,0.02227731520947049
0.030659555354891847,0.022658254146694742,0.004806442093101298
0.0025032971035195075,0.019459886424240364,0.007985407314573366
0.001344205072925845,0.012329270245000669,0.010894654023136028
0.0011768394452765086,0.004152718084828111,0.02854270908780462
0.0037285866607706776,0.0005078269523892208,0.0011308667075272832
0.023046368835952367,0.004929861774521147,0.017580161327123662
0.004024663599981426,0.012316459805522772,0.008959949819342757
