Time,u,du
971.0,6.17772,0.0
972.0,3.655877935424537,-4.4998248477874325
973.0,-2.017280452927804,-6.62231298257515
974.0,-8.950758024559882,-7.122551114056987
975.0,-15.048098031249976,-5.221827287854297
976.0,-20.004190019234162,-4.658420874444132
977.0,-24.119514291560773,-3.5802254690615087
978.0,-27.674662061970874,-3.2563732041613696
979.0,-30.704100332984947,-2.703606017986592
980.0,-33.32822750328486,-3.081147423118668
981.0,-36.980790384298196,-3.3498754194372298
982.0,-37.98141744582478,2.1321907246645466
983.0,-32.52020748379718,6.229803065902124
984.0,-26.37473273366216,5.9784510159511415
985.0,-20.75509697890686,5.156908477070818
986.0,-15.984266556339822,5.023494164363988
987.0,-11.517231033186297,3.8187234710240148
988.0,-8.43548372156678,2.2997793739967443
989.0,-6.432730942215471,1.6659264337199644
990.0,-4.894648475332344,1.4850617408479387
991.0,-3.6329210397967926,0.8046062277281206
992.0,-3.021795785119832,0.6635872304993949
993.0,-2.2541531785121953,0.7554449475946472
994.0,-1.4871618682085113,0.8780837375845366
995.0,-0.9387395726352579,0.45794247703626706
996.0,-1.055251477144941,-0.15598692284649437
997.0,-1.2670286676377145,-0.49001982953670087
998.0,-1.5917307890136578,0.061347930334805144
999.0,2.2173563783612718,6.575116006301941
1000.0,9.790643664878417,7.814426063447142
1001.0,16.746428504718672,6.245545622701229
1002.0,22.166212127299644,4.177357364345758
1003.0,24.925022431018256,1.5567537868237502
1004.0,25.179733399079417,-1.2320938375470927
1005.0,23.43862656839384,-2.1238077356649026
1006.0,21.166256406552936,-2.544277129840157
1007.0,19.192014361049605,-1.4444771372232346
1008.0,16.906201497240442,-3.888698507795122
1009.0,11.317119293858292,-5.0148291449325715
1010.0,7.09673675203548,-3.3949265059802975
1011.0,3.989275520605701,-2.1787671522550918
1012.0,2.6374811282982433,-0.6632132249236278
1013.0,2.3448254055720965,-0.417433971658935
1014.0,1.7833368743463054,-0.7322288153388079
1015.0,1.199823707837642,-0.5926644302801956
1016.0,0.5371639742464686,-0.6858812663736116
1017.0,0.008684946811031812,-0.3954991261552647
1018.0,-0.21622777706325275,0.17837904352469716
1019.0,-0.07198468195711245,-0.17353930987966898
1020.0,-3.029626401594064,-5.754925394581044
1021.0,-9.31059954861611,-6.037985776668886
1022.0,-15.023472687089109,-5.088488474063877
1023.0,-19.061020704291767,-3.0954594219126865
1024.0,-21.343168212428544,-1.2531426977236504
1025.0,-21.694386171451942,1.1191196903438374
1026.0,-19.859795898566205,2.3971967387889035
1027.0,-17.049777631793372,2.794614724538014
1028.0,-14.024166796265819,3.1509218206878904
1029.0,-9.864106073280094,5.681532830000983
1030.0,-3.452054716142039,4.892299872446068
1031.0,0.17156526873853614,2.2877466203483103
1032.0,1.4534078293359565,0.623024840029494
1033.0,1.8963275678376612,0.27181784758087124
1034.0,2.159466239337584,0.061228900421464554
1035.0,2.169325880877659,0.024868808840517963
1036.0,2.178385333755259,0.013689733140774346
1037.0,1.9605705088767564,-0.40440583522247237
1038.0,1.2669221291162736,-0.9264691925963666
1039.0,1.6195279270714955,2.730109322276778
1040.0,4.4433438330884565,1.9620604218455502
1041.0,5.280871193868405,-0.6204162511579401
1042.0,3.5426995077237247,-2.7278424281345743
1043.0,0.12349609162292688,-3.9916547399225273
1044.0,-4.530341480129545,-5.2756831289309005
1045.0,-9.136418587568464,-3.8312185767883644
1046.0,-12.960339258098854,-3.558138179329373
1047.0,-15.558672111753035,-1.648906755812178
1048.0,-16.813044096981816,-0.828591264503962
1049.0,-18.32947819531725,-2.8696225949080665
1050.0,-22.53502156803223,-5.418968485597127
1051.0,-28.511939451894957,-5.835264398104113
1052.0,-32.502937198838254,-1.4342996491128333
1053.0,-30.296818917148855,6.635843344515681
1054.0,-22.46009931643408,7.169011465575568
1055.0,-16.49261407169725,5.101191908777317
1056.0,-12.53598563087796,3.45991196539341
1057.0,-9.330944677405414,3.215637154077519
1058.0,-6.350616422701349,2.776130181660245
1059.0,-3.992997673259346,2.4300647660010686
1060.0,-2.133535876347961,1.563088907340085
1061.0,-0.928643319080522,0.7772182013083823
1062.0,-0.4350903204066933,0.22803932387063902
1063.0,-0.3600345392100541,-0.02349213526164276
1064.0,-0.16627684020114633,0.27348550509608716
1065.0,0.2983742915885775,0.22827008385671868
1066.0,0.6373278349032467,0.31944312208698444
1067.0,0.6615165158013048,0.59893979851851
1068.0,4.672593940990814,6.143948113292903
1069.0,11.156593381933048,5.95028279085699
1070.0,15.852779316675694,3.027242179817288
1071.0,17.116689695452852,-0.16852024692226783
1072.0,16.209517017213777,-1.4550237760110234
1073.0,14.561758408313041,-1.660229986269176
1074.0,12.557150472336733,-2.1550157425295753
1075.0,10.366004208271596,-2.2963167553542734
1076.0,7.999075636535547,-2.147312468072189
1077.0,4.396330985306714,-5.800018681085119
1078.0,-0.46552401858201664,-3.5159267361935997
1079.0,-2.4742767423031578,-0.6674445700664144
1080.0,-2.645082957907878,0.014396777665089438
1081.0,-2.293516523899994,0.7089730784495976
1082.0,-1.6831732135927702,0.4564558825581488
1083.0,-1.182289905776814,0.09270277656047678
1084.0,-1.1204123109307844,-0.02270025231441947
1085.0,-1.1037154422564184,0.1875279881397999
1086.0,-2.5647922060344284,-4.416371517404837
1087.0,-7.096833449118288,-3.3485952317585705
1088.0,-8.35854201780493,0.8174995736449802
1089.0,-5.394354392322932,4.835769414411437
1090.0,0.2687206353810687,6.177706460505706
1091.0,6.313982315030955,5.426816920152005
1092.0,10.499071540584763,3.0409709096083932
1093.0,12.588015242428083,1.2282673023525006
1094.0,13.187315159395887,0.07007876639531839
1095.0,13.645887961320136,1.323980102621229
1096.0,16.644305865686345,2.575631885806229
1097.0,17.495557660430144,-0.40300728029649957
1098.0,17.06751692282312,1.5538011184915206
1099.0,19.02962603294402,0.8600790118001436
1100.0,16.603833847604662,-5.108125968918801
1101.0,12.428409307367529,-3.4814915458045803
1102.0,9.560031342741327,-2.5026365108978714
1103.0,7.260392895716833,-1.772460379018819
1104.0,5.422186412988885,-1.5497846765531285
1105.0,4.263586680759327,-0.8876426119104295
1106.0,3.280645701964552,-1.1718031257503378
1107.0,2.288387675014054,-0.6923278350307771
1108.0,1.7337761484764498,-0.32450712483544186
1109.0,1.177084540314322,-0.4880729260965545
1110.0,0.9174321679185451,-0.26535907662315766
1111.0,0.7785435095001485,-0.04824656043886515
1112.0,0.6067424724471976,0.05249741409000089
1113.0,-0.7426269832961072,-4.9097470764956235
1114.0,-7.785922124109608,-8.112797560873368
1115.0,-15.748041112287343,-7.377123199176846
1116.0,-21.909299672011297,-5.010296837717991
1117.0,-25.617091919315104,-2.5074768798302465
1118.0,-26.844778869216412,-0.03017860499395743
1119.0,-26.111931757472377,1.2331799757451622
1120.0,-24.194494455885234,2.5651806227770195
1121.0,-21.521935969220902,2.991852015553707
1122.0,-18.07014032506663,3.6433919887266084
1123.0,-12.655445096853432,5.739369946319453
1124.0,-7.847732063924874,3.9944881629366784
1125.0,-4.405764955540779,2.7892783227417106
1126.0,-2.075062065922822,2.0863517712762953
1127.0,-0.5886341306551907,1.163365192101186
1128.0,0.3931825697677606,0.44287120392522517
1129.0,0.8574500634973534,0.2299437614251074
1130.0,1.024649943719329,-0.165928188935267
1131.0,0.6842557280995984,-0.4704128205161798
1132.0,0.2631407438815682,-0.3306945833095997
1133.0,0.1461678420250895,-0.1904895524961831
1134.0,1.7704797241836758,4.443464273323054
1135.0,7.10684158339057,5.354866581033814
1136.0,11.227177362877713,2.6634323556415134
1137.0,12.39138072475084,-0.20124589009611757
1138.0,11.687311935432428,-1.2761642258084618
1139.0,9.81989173857976,-2.3471904241143156
1140.0,7.305427852542823,-2.2765323197459364
1141.0,5.5714577080581895,-1.3990167988322255
1142.0,4.06481808103689,-1.0852346537531314
1143.0,2.609270478666978,-2.237212369437481
1144.0,-1.8225086471232785,-4.9300913756328715
1145.0,-5.041512185399141,-2.041727790968753
1146.0,-6.24281984628769,-0.8096281957801128
1147.0,-6.24640534231036,0.3424908090547312
1148.0,-5.989410068978018,0.4612973059701586
1149.0,-5.364947417749398,0.680337079153424
1150.0,-5.695096800566737,-3.7276823997899804
1151.0,-11.587936925797466,-7.177394654872624
1152.0,-18.420716165294106,-6.107830129344198
1153.0,-21.981040830678456,-0.07340282634278567
1154.0,-18.880575278213428,6.696681587266226
1155.0,-9.41129662735443,10.499381101165959
1156.0,-1.4619283421861917,5.940527375435055
1157.0,5.784112712214848,8.99055931811088
1158.0,15.624019776043504,10.161107834374906
1159.0,25.312027737987336,8.821707840069992
1160.0,29.91918528902614,1.2854533123178984
1161.0,29.09232338344611,-2.653394655858942
1162.0,25.777597338468645,-3.83098061087918
1163.0,21.666133076179158,-4.142773777887968
1164.0,17.775030387995198,-3.7410050977089133
1165.0,15.944977757524509,-0.38192554401711304
1166.0,13.492716348769992,-5.225771967953835
1167.0,9.312155487095525,-3.3078896379493896
1168.0,6.582409771558388,-2.270306020934967
1169.0,4.479690211259772,-1.7256621470254057
1170.0,2.6932084448685214,-1.8643692659019457
1171.0,1.2607758448437076,-0.8226662161173774
1172.0,0.6591427077093558,-0.16215481439573637
1173.0,0.43552761819826397,-0.4081877852011771
1174.0,0.024186038407802975,-0.4824353235252847
1175.0,-0.3827656245747176,-0.20025094504622418
1176.0,-0.5254557007338975,-0.008075954917730634
1177.0,-0.22577208044396782,0.09689160712740481
1178.0,-3.85679363582136,-6.486713315609439
1179.0,-10.558900960807721,-6.519566338590616
1180.0,-16.200948437606808,-4.108322447773459
1181.0,-18.423591504492776,-0.5231834280938089
1182.0,-17.686794504638296,1.8345567749985083
1183.0,-15.460588661578985,2.5177927943012897
1184.0,-12.734648909447719,2.730246631739052
1185.0,-10.265033393059662,2.2710061449955155
1186.0,-7.927078330523902,2.6840216556026286
1187.0,-4.307934417778347,5.338587324634783
1188.0,0.780458635905795,3.3835228761290526
1189.0,3.0253144228448137,1.423807916506155
1190.0,3.878106085435396,0.6150856401075785
1191.0,4.203247349810402,0.4445610089230754
1192.0,4.394980704666841,-0.2589439874893979
1193.0,3.9379262588943034,-0.5362531423360652
1194.0,3.2196146321380876,-1.048683234291728
1195.0,2.0994683443109654,-1.3181670322023957
1196.0,3.0219867667696896,3.55873967454816
1197.0,6.835452480985546,2.3850385764826596
1198.0,6.565996242349862,-2.7576452588900153
1199.0,1.8963310758611724,-6.334274028776041
1200.0,-5.178434215924761,-7.543437307203879
1201.0,-13.120839556657023,-8.296058493095284
1202.0,-21.320531374803192,-7.393069141767595
1203.0,-27.73632324023081,-5.386885562273517
1204.0,-32.12121456784605,-3.033074462718771
1205.0,-34.064913762713424,-1.3916029209204859
1206.0,-36.49054812508886,-1.4609706724464546
1207.0,-35.48468330367563,2.458394248188869
1208.0,-34.67816167360635,0.6706387021357032
1209.0,-31.385734482537437,7.316319512884436
1210.0,-24.603634394463462,6.007248363830113
1211.0,-19.050420400570005,4.552585947707608
1212.0,-14.9141676353498,3.4724261119522133
1213.0,-11.668753137070594,2.8900861971137894
1214.0,-9.011194848629529,2.5872173204404816
1215.0,-6.9196127134406895,1.7436520076714102
1216.0,-5.281300909547217,1.4859371770925847
1217.0,-4.103233642797486,0.6929793012349065
1218.0,-3.510222456158304,0.6060307403044702
1219.0,-2.982176111729547,0.3492208139096998
1220.0,-2.6190317107516026,0.35107536920538956
1221.0,-2.043637966967735,0.9738081207913585
1222.0,-1.2900198388826924,0.7624103036453651
1223.0,-0.6832242935527179,0.6273825775215355
1224.0,0.0734622197086736,0.6282448883023025
1225.0,2.517233681092237,5.237498455997076
1226.0,9.468553078015827,7.772566000707737
1227.0,17.197501629508913,7.1235347398369955
1228.0,23.59040816897125,5.460293186567014
1229.0,28.032433385308632,3.241395876925525
1230.0,30.580769107926393,1.712350242998051
1231.0,31.15307186928651,-0.5487441318015329
1232.0,29.78286653494774,-2.4265994116278042
1233.0,26.511848248216964,-3.931046247816304
1234.0,21.637569539273834,-6.9080454225761745
1235.0,13.895626955128034,-6.800561556374414
1236.0,7.965004863081372,-4.678036604581005
1237.0,4.388920846408173,-2.4850570048978393
1238.0,2.3924860760037587,-1.6464279827966433
1239.0,1.1891512186132105,-0.5180230477254825
1240.0,0.7979215095396348,-0.01140274230812799
1241.0,1.047924910883995,0.15986830612059716
1242.0,1.1843725884578538,0.4532396769707106
1243.0,1.476165782975994,0.04399235773032151
1244.0,1.45359962468662,0.12550929770280161
1245.0,1.6028411558126596,0.23317481414166696
1246.0,0.18632607115705377,-4.290471741424196
1247.0,-4.857005866034903,-4.995832222414619
1248.0,-9.321797288730242,-3.497914013820508
1249.0,-11.602167157051303,-1.1182545805785484
1250.0,-11.695614582636791,0.7179261704437704
1251.0,-10.959440909729564,0.6834089784038794
1252.0,-10.955390234853088,-0.5523101076279502
1253.0,-11.821986979468607,-1.0228157224672918
1254.0,-13.0940116195107,-1.8398692319073016
1255.0,-14.387238380810356,-0.2898285058946865
1256.0,-12.468264992482558,5.258621745187102
1257.0,-7.090493387008975,4.251220488174345
1258.0,-3.9080958122609433,2.2402547120022156
1259.0,-2.227112163367307,0.9279690082135805
1260.0,-1.4729056753574188,0.6754032606839481
1261.0,-0.7974748533863997,0.5220726242847327
1262.0,-0.2450082040633913,0.6001673796054111
1263.0,0.11486232021553441,0.25795508938133294
1264.0,0.10072791100850378,-0.2882659318739765
1265.0,0.17376482030688528,0.16048631130430852
1266.0,0.20281341470506756,-0.27971689232333535
1267.0,2.592809416519792,4.968074429206995
1268.0,7.628651832724786,4.669567321297625
1269.0,11.69381101853779,3.2031482272914023
1270.0,13.860777167753819,0.9565630527500476
1271.0,13.823190334241811,-0.8444445197463128
1272.0,12.358275901278583,-2.2211781851384944
1273.0,10.201165388387754,-1.8736500597324606
1274.0,8.448500896659365,-1.5852387353258954
1275.0,7.149558576108622,-1.2712278625993323
1276.0,5.246968784126036,-3.2380955774546187
1277.0,0.10929108508299623,-4.797900501525035
1278.0,-3.4927863503520227,-2.4208295857587334
1279.0,-4.967706803785009,-0.8620960652098967
1280.0,-5.409872636098484,-0.3560046885413504
1281.0,-5.459811842042405,0.33274721167244403
1282.0,-5.181532228902893,0.3522981561329925
1283.0,-4.702767314589014,0.5098612440726811
1284.0,-3.9536472061842316,0.8341385730963221
1285.0,-4.9470498093005695,-4.611848430246989
1286.0,-9.774023979330618,-3.5926054765305513
1287.0,-10.77835014692994,2.311355471308328
1288.0,-5.660968395070293,7.471446767217785
1289.0,3.2814896703682774,10.204972616915214
1290.0,13.73836048742847,10.593468843526958
1291.0,23.93103974754389,9.511075688552895
1292.0,32.627789846102424,7.9648684663936935
1293.0,39.56136218188638,5.637856995622252
1294.0,44.628294409982566,4.987614286720342
1295.0,46.31999006676437,-1.813273490770992
1296.0,42.540530163421,-5.508383745315988
1297.0,36.98647736478371,-3.8291353545725353
1298.0,33.13783539965561,-6.044965806268334
1299.0,26.484225930370616,-5.974492541992067
1300.0,21.149727601976174,-4.673418878179179
1301.0,16.483715322831284,-4.293122116418897
1302.0,12.84276361375872,-2.8497804345965227
1303.0,10.507485986800583,-2.1479401774919453
1304.0,8.511527127441186,-1.780748787349158
1305.0,6.964031442849674,-1.1241176541449749
1306.0,5.709170667196977,-1.5591093877718565
1307.0,4.386079377248785,-1.1145033235318609
1308.0,3.5278851851200876,-0.8969576020679817
1309.0,2.9537208973316402,-0.6144971444228929
1310.0,2.330795467526136,-0.5138222469821339
1311.0,1.852339601261176,-0.30563739653727345
1312.0,1.5277153482935664,-0.40691776300615573
1313.0,1.135636485106794,-0.1269686491436729
1314.0,0.6608310002784716,-0.4839392190167364
1315.0,-0.9038682916440905,-4.891806581470176
1316.0,-7.730630221925675,-8.10729936237113
1317.0,-15.639578667602361,-7.499554023094049
1318.0,-22.203842258164997,-5.535730162792593
1319.0,-26.95226334907705,-3.5966183314367144
1320.0,-29.580647887618074,-1.872856186205033
1321.0,-30.11769721580274,0.4476712552521519
1322.0,-28.805735245504334,1.92237396133745
1323.0,-26.42320473532651,2.7518224493348087
1324.0,-23.062721716487935,4.065454801637546
1325.0,-16.636447553738137,6.749274577407741
1326.0,-11.046049435593753,4.260084175637705
1327.0,-7.44302539717033,2.9285103131951145
1328.0,-5.1245837848467986,1.9166655917941369
1329.0,-3.537273327995869,1.1771139545862563
1330.0,-2.2522809526088747,1.3494587667897981
1331.0,-1.3264366968507957,0.17700444117485684
1332.0,-1.146109770419791,0.4605816182547559
1333.0,-0.9223790497599624,0.18829282197333028
1334.0,-0.6753897670858297,0.20263474000886167
1335.0,-0.5166399683296425,0.17689628646694708
1336.0,-0.3360454991586428,-0.027253544369872873
1337.0,1.393036578368304,4.855245372268175
1338.0,7.869413207617208,6.936847434519697
1339.0,14.552126132156241,5.275550722822062
1340.0,18.597876236211803,3.0511185788408093
1341.0,20.447774664186888,0.6473717342360973
1342.0,20.18532378027195,-1.175429335662486
1343.0,18.50912007580064,-1.942792771477678
1344.0,16.521262878412532,-2.3303882679776815
1345.0,14.103944086234513,-2.487583569014242
1346.0,11.46305067975528,-3.5226019651705
1347.0,6.416045542654254,-5.1115834800800855
1348.0,2.5316835063159897,-2.655720055238461
1349.0,0.5767008745317683,-1.3365234111520352
1350.0,-0.43350864147903784,-0.5588304894869898
1351.0,-1.197772448636034,-0.8701642816428432
1352.0,-1.8654712794721853,-0.6838692214912454
1353.0,-2.038238298138044,-0.03307352748235982
1354.0,-1.8747708161692136,0.1578741006674197
1355.0,-1.3813685540321194,0.6616230827802465
1356.0,-0.5859612597087792,-0.01412112059059448
1357.0,-3.291692434435254,-4.0013228950007536
1358.0,-6.7617810888968055,-2.5487582700990496
1359.0,-8.023622586476316,-0.3472384182199481
1360.0,-7.657532183270745,1.0561260361014557
1361.0,-5.5725662617717395,3.416545166151253
1362.0,-1.3535647090863836,4.3782258379711205
1363.0,2.9555192756599147,3.800242074938613
1364.0,6.572963162926929,3.301787179737432
1365.0,9.06868348488796,1.5990538884431267
1366.0,10.87147640437984,2.836207388880044
1367.0,15.220237327133168,4.064731680659025
1368.0,17.28289383037167,0.4861854742789532
1369.0,16.624723634072854,-1.8288698503337215
1370.0,15.396265931392886,1.5044653486519686
1371.0,18.04019071754765,2.357940480908874
1372.0,18.23389807553312,-2.7112314306459098
1373.0,12.519295280178344,-6.817439249966171
1374.0,7.352892218430788,-3.652428485383154
1375.0,4.543418394713598,-2.179238787151997
1376.0,2.9509415666039778,-1.3218291069565935
1377.0,1.809564573494636,-0.7758152649682779
1378.0,1.1711158244292041,-0.651124911461425
1379.0,0.42580984954252415,-0.8496747904157459
1380.0,-0.16774774289687092,-0.5241124214681855
1381.0,-0.47411981953242394,-0.17018352587324476
1382.0,-0.6708421006804984,-0.027347297012967196
1383.0,-0.4436191956078049,0.2803250332080351
1384.0,-2.6645809874000204,-5.573511767988872
1385.0,-9.164424486773227,-6.890375996195833
1386.0,-15.14183461323561,-4.4309145212449526
1387.0,-18.37670208017799,-2.0969690515030006
1388.0,-18.96495669842809,0.8915024414931735
1389.0,-17.2537072239062,2.352675725555891
1390.0,-14.609405617919466,2.7383168130676423
1391.0,-11.939582185803598,2.6424503311351364
1392.0,-9.385803071546627,2.312906634625513
1393.0,-6.2867597068942835,4.618481966681805
1394.0,-0.5989957737145011,4.613129579107762
1395.0,2.928716705777163,2.43181740150472
1396.0,4.374469426589276,0.893953018425508
1397.0,4.649767673977847,-0.1023018750439348
1398.0,4.273435007479421,-0.48876707762906596
1399.0,3.7861167494465056,-0.6001856545915448
1400.0,3.2928403070954264,-0.47162573146976716
1401.0,2.5797086228740533,-0.6937717914924859
1402.0,1.9400774511004073,0.41010823321762496
1403.0,4.529906375407246,2.3027535111408435
1404.0,5.140446960768759,-1.7601386453314447
1405.0,1.1316506653015943,-5.965905726976678
1406.0,-6.411966736510578,-8.302614926171614
1407.0,-14.91511548333655,-8.36799991357131
1408.0,-22.750974738034085,-7.069534271272572
1409.0,-28.94478788149713,-5.243345289047191
1410.0,-33.359835527005366,-3.337045240022014
1411.0,-35.31471653907536,-0.7779960424633614
1412.0,-36.2674839581946,-1.7673624923539777
1413.0,-38.97612038349416,-3.3787888206927845
1414.0,-41.310650860248536,-0.60230843891216
1415.0,-37.94903096649097,6.91910472094557
1416.0,-30.964270343668243,6.606445720997426
1417.0,-24.576477969812306,6.006320361867193
1418.0,-19.147134205768136,4.619026444828341
1419.0,-14.660686774105848,4.0630905305487515
1420.0,-11.464254931192828,2.4858456951116543
1421.0,-8.941678944234381,2.5827213175400843
1422.0,-6.637334218673469,2.3616637640398275
1423.0,-4.503439054634315,1.562996171885291
1424.0,-3.52111510637796,0.6201328277590823
1425.0,-2.4238624945407867,1.2528107363404761
1426.0,-1.5420557828110382,0.46914114439909427
1427.0,-1.0775226759382082,0.7068410241280083
1428.0,-0.6164057947954656,0.4011193490209684
1429.0,-0.3162164332449824,0.34482981899846005
1430.0,-0.34613698858581904,-0.271170538839446
1431.0,-0.6735531417530819,-0.6021494733671346
1432.0,2.2307417448892752,5.994511558176097
1433.0,8.755822362013769,6.890732463189932
1434.0,15.142396492218989,5.6184754880292385
1435.0,19.79725437798581,3.2147864682400598
1436.0,21.709369883075944,0.6280769885292898
1437.0,20.98482602954234,-2.157936368281401
1438.0,18.30873363814668,-2.8403084665840765
1439.0,15.417271536868595,-3.0455234076721216
1440.0,12.723121466528774,-2.40796855212834
1441.0,9.895321346673077,-3.6513065237066433
1442.0,4.853214455157068,-4.173645852057534
1443.0,1.8216461866840314,-2.136265343071874
1444.0,0.07892373826913424,-1.1417812990494354
1445.0,-0.4370248083788893,-0.24444481157624692
1446.0,-0.8717865930468542,-0.06168294877537537
1447.0,-1.248265677658674,-0.45750011028825016
1448.0,-1.70681679005713,-0.30558533476432986
1449.0,-1.8767892453848614,-0.1317334325364301
1450.0,-1.975495447752861,0.23339272823840757
1451.0,-1.8730699580074743,-1.8828910568867165
1452.0,-5.342749236098176,-3.927610206740262
1453.0,-8.407102910320495,-1.6516961728841801
1454.0,-9.227069562031387,0.27484197059482784
1455.0,-8.60138785367597,1.0504417846517324
1456.0,-7.00509890861458,2.2572245171758225
1457.0,-4.16933302084878,3.332438612369735
1458.0,-0.30595379841070053,4.349835010626215
1459.0,4.148296371910892,4.373605749736335
1460.0,8.304784065581758,4.206444216773779
1461.0,13.055967826216659,6.2844442520755885
1462.0,17.782408567203834,2.4019851012719786
1463.0,18.292587800873633,-0.6959325222358442
1464.0,16.762615826646456,-2.0242646655743672
1465.0,14.281905724750564,-2.7456547000060296
1466.0,14.274841881341553,2.5411456608198617
1467.0,16.740686708921697,1.2273205274077186
1468.0,15.715453487311079,-4.405604424170427
1469.0,9.402515801726755,-6.013376578707094
1470.0,4.872623772281822,-3.339099009139324
1471.0,2.54812708086942,-1.7369633286444213
1472.0,1.1823954125943343,-1.2976966341028748
1473.0,0.4064351340594457,-0.2811623498301523
1474.0,0.401487032925594,-0.0589374440492096
1475.0,0.19562418651869068,-0.6843157497430973
1476.0,0.028384692034400583,0.28849523446468867
1477.0,0.1308700102940927,-0.25145394259513176
1478.0,0.028357421758158606,-0.16132533835467336
1479.0,-0.5409190502476786,-3.3068103017897164
1480.0,-5.11685132219581,-5.057149158101035
1481.0,-9.340531319976778,-3.118705102714678
1482.0,-11.230034692942187,-0.7476760207307992
1483.0,-11.109658310473803,0.6826363888818545
1484.0,-10.271874841949334,0.9283193468386185
1485.0,-9.022673364026375,1.1509074041491718
1486.0,-7.890241778728157,1.2304822491448633
1487.0,-6.859544526935935,1.1283820286243698
1488.0,-5.26266622443327,1.1844509896188031
1489.0,-2.4884279008316104,5.1580472392145404
1490.0,2.026247936048867,3.327970819676994
1491.0,4.222622649263154,1.3379078040462093
1492.0,5.129539062934858,0.6181732494777052
1493.0,5.2322317254768524,-0.06780528075222521
1494.0,4.981872646906465,-0.3519998927052048
1495.0,4.619551160286469,-0.5666756649667192
1496.0,3.969053147618509,-0.8548768188343622
1497.0,5.488083246646437,4.66270889818626
1498.0,11.029799210553929,5.133993279380727
1499.0,14.053961553943674,0.46336708124378995
1500.0,11.680328202622508,-5.439331676982802
1501.0,3.940124194035904,-9.646902027800357
1502.0,-6.954094840538018,-11.867371899401258
1503.0,-18.551845978357825,-11.230062305710126
1504.0,-28.67079041895904,-8.874536128843603
1505.0,-36.70346079033952,-6.660437254432416
1506.0,-42.87368931923376,-5.951455737847779
1507.0,-45.0509684374435,1.172963196613541
1508.0,-41.86919628442947,4.644541955420143
1509.0,-36.415269356639115,6.1394144259841035
1510.0,-30.874608013490928,3.0043683677593735
1511.0,-26.642436840823603,6.165827142566429
1512.0,-21.041283170869164,5.0196599984524335
1513.0,-16.415856831776264,4.221232319804968
1514.0,-12.607395711136915,3.1796949167410484
1515.0,-9.996163582855662,2.13786690060875
1516.0,-8.23137100632935,1.77259739860782
1517.0,-6.606925244511894,1.8363752657270866
1518.0,-5.115177406206856,1.2436546856234185
1519.0,-4.090424103292515,0.8491092512730326
1520.0,-3.3008540898230585,0.979159064159286
1521.0,-2.5884049613710687,0.5594927581839125
1522.0,-2.379640737548969,-0.031425781608502845
1523.0,-2.0225830596022663,0.706335327407253
1524.0,-1.4313972866889637,0.4188641600810896
1525.0,-1.3337549516993448,-0.01738213756127152
1526.0,-1.2750562736282804,0.23693096610883388
1527.0,1.8514383110207244,6.319242155948465
1528.0,9.200861555545217,7.737297018217436
1529.0,16.568035812135637,6.633205406419731
1530.0,22.374278482053846,5.019567488654965
1531.0,26.59038744356245,3.2414459477541935
1532.0,28.738109097782683,1.4084951913975512
1533.0,29.537321451877343,-0.0022068354338417597
1534.0,29.149020342923684,-0.7111951752192571
1535.0,28.093146259015693,-1.8319767333221162
1536.0,25.050008701537244,-4.75409191071763
1537.0,18.514108877915426,-6.224759468332275
1538.0,13.503139518572151,-3.6814285524645736
1539.0,10.042977788820965,-3.3186014989453114
1540.0,7.047640853548637,-2.8030735069251533
1541.0,4.656656567862655,-2.0442715347136198
1542.0,2.8209919855118395,-1.417012462880742
1543.0,1.813432739986388,-0.4247748338079113
1544.0,1.4837192768857808,-0.38807712062066135
1545.0,1.0107455524308382,-0.4461750238206844
1546.0,0.6143620248931705,-0.3130691647309867
1547.0,0.5325787804190906,-0.2184035860361218
1548.0,0.3630582659381221,-0.14385237992343872
1549.0,0.3431062605708663,0.05029880500682975
1550.0,-2.307459188788053,-5.924494526356699
1551.0,-8.875577413081496,-6.544953187400774
1552.0,-14.675235745837073,-4.605987893505492
1553.0,-18.170671197121926,-2.406464641317959
1554.0,-19.66173440531505,-0.29736709317844867
1555.0,-19.092765934232762,1.5603386759646998
1556.0,-17.024838170595654,2.220642130107557
1557.0,-14.650386173384188,2.3095545085124733
1558.0,-12.547418034900623,2.1204264677233002
1559.0,-10.101194483736446,3.5857648678815703
1560.0,-4.856984646331012,4.650020135983266
1561.0,-1.216793796196859,2.7859840277532903
1562.0,0.7657271173348207,1.2489825926607672
1563.0,1.2142540756287563,-0.01778246725382466
1564.0,1.4968889973920279,0.17051481110813957
1565.0,1.6256429069476739,0.15661905878535207
1566.0,1.6040081843318734,-0.2676036629028378
1567.0,1.5019255534773142,0.17081668631589889
1568.0,1.3952217809595204,-0.5011975221792073
1569.0,1.4629000066940714,2.467962495538533
1570.0,5.2554970714814155,3.6188982557333547
1571.0,7.530606490698857,1.1425885306522
1572.0,7.4811962914522825,-0.8023897203138795
1573.0,5.640975977508317,-3.1320498382151234
1574.0,2.0915577776838377,-3.452597315566189
1575.0,-1.7871567639352663,-3.885425860586113
1576.0,-5.379914998649321,-2.929991454066562
1577.0,-8.184341452875685,-2.879352873106014
1578.0,-10.512735190941683,-1.979332765248243
1579.0,-14.067024877742888,-5.475588600412297
1580.0,-18.970523524207312,-2.697119215044781
1581.0,-19.819358776797944,0.8776553689317269
1582.0,-19.152231861887024,-1.8760581265464227
1583.0,-22.182347166684135,-3.092823140610163
1584.0,-22.78307683450393,1.9832233907156003
1585.0,-17.704238836786054,8.581867563057594
1586.0,-9.893164243447155,5.838922562352595
1587.0,-5.2722517345059545,3.4261342414415394
1588.0,-2.426026328933176,2.2651758983994186
1589.0,-0.8587636109549178,0.8307507140039665
1590.0,-0.34712463413996814,0.6363771391368709
1591.0,0.08959207979310696,0.4271773408314534
1592.0,0.4169834122517623,0.2752930482079759
1593.0,0.841601023542604,0.40749833199126795
1594.0,1.2791714920615471,0.4329281038491581
1595.0,1.4259859289898282,0.09896642728355326
1596.0,1.8749785709359816,3.000993483720364
1597.0,6.8105222494651745,5.645577752385281
1598.0,11.377930770266513,3.2067047299235782
1599.0,13.0342646993619,0.3917166837334651
1600.0,12.857285007107125,-0.5699631219708384
1601.0,11.571263685925102,-1.5334314309613981
1602.0,9.835675715205747,-1.9563835625036248
1603.0,7.388412499381005,-2.7377169169531053
1604.0,3.8936901204896355,-3.7129029766816597
1605.0,-0.05638207780105961,-4.383818282765234
1606.0,-5.853688267250016,-5.546207112129339
1607.0,-9.904170702748738,-2.2430742111613977
1608.0,-10.959056068570566,-0.23374063340859247
1609.0,-10.410775559871857,1.1586882222381871
1610.0,-9.13208239278448,1.4040276993712173
1611.0,-7.702156767291947,1.5925988190127556
1612.0,-5.998460024763156,1.5271383102351601
1613.0,-7.025078851004214,-3.843778135846202
1614.0,-10.922642356351972,-2.3666018653546907
1615.0,-10.112531352529306,4.440069203045632
1616.0,-6.587627945159332,2.4732959149286144
1617.0,-4.420653511337497,1.8472331615432545
1618.0,-3.2362018046881196,0.5470282149592818
1619.0,-2.7447377486952687,0.2730957117490104
1620.0,-2.78255185417881,-0.04054269582413514
1621.0,-2.615208206273766,2.2553224818966715
1622.0,-0.7092233687830128,1.165361594557301
1623.0,-0.25197220443889534,0.11405294096433408
1624.0,-0.13656886436581228,0.45450532947534567
1625.0,0.027292954605539713,-0.11982801134572749
1626.0,3.2794260436475424,5.7504936623830245
1627.0,9.954204809381661,6.774469451499589
1628.0,16.217170080852327,5.748897019946375
1629.0,21.109541782219658,4.209721609010517
1630.0,24.687570825337104,3.1393720994766525
1631.0,27.05478488655865,0.6763986901026547
1632.0,26.258638921199722,-2.1362880173009064
1633.0,23.038655187565862,-3.4671697187525568
1634.0,19.413462435797378,-3.5966748976321576
1635.0,14.7646423045193,-6.182918951088813
1636.0,7.958125533058105,-5.369084198218279
1637.0,3.7437808470212093,-3.339155872740447
1638.0,1.0435198780417347,-2.0764576241479755
1639.0,-0.45706784650057825,-1.19725207864515
1640.0,-1.3615682801749278,-0.6378921709017153
1641.0,-1.7926020698218865,-0.0864200537776088
1642.0,-1.6729602630846678,0.253799567879868
1643.0,-1.3271264546157657,0.45543532046390106
1644.0,-0.6030894287872411,0.89960338761038
1645.0,0.34233878114813776,0.326253919798627
1646.0,-1.6497715030505806,-4.634683727276306
1647.0,-6.552604411669059,-4.220419539478086
1648.0,-9.257491227640624,-1.4922099894037337
1649.0,-9.859138283534612,0.6941771429598752
1650.0,-7.842548226000634,2.8897696697323108
1651.0,-4.421205792838604,3.747282961996638
1652.0,-0.11889179552700166,4.458311050080303
1653.0,3.156578505551608,2.2520923180082484
1654.0,4.6523666892630215,0.863338385542733
1655.0,5.256457490201564,0.9119940215430951
1656.0,8.113389033658127,3.642517065161881
1657.0,10.149784589843884,0.3593459353892793
1658.0,10.016534934529295,-0.5238310576594996
1659.0,9.066226731860423,-1.1459796771314668
1660.0,9.54485356352874,3.3001320437328903
1661.0,13.081300433542719,2.361268660451305
1662.0,13.509832989998015,-2.1033065719671113
1663.0,8.887709684659114,-7.1032272711582225
1664.0,0.13034824602699405,-10.241335568578405
1665.0,-8.271077455804441,-5.056595344811262
1666.0,-11.590452182520483,-2.1169683764412226
1667.0,-12.49255840044842,-0.24030821017008955
1668.0,-11.985543717674368,1.1626437117243105
1669.0,-10.671832550436395,1.74976522514802
1670.0,-8.712844672065025,2.0070085658111805
1671.0,-6.7550492778449716,1.6222835202000299
1672.0,-5.387052736078075,0.9311290319832234
1673.0,-6.397651448958816,-1.4376570034173297
1674.0,-4.961491375196123,2.4721803396585207
1675.0,-2.9490358992981713,1.5595769401361326
1676.0,-1.4510627158507632,1.2172234127918737
1677.0,-0.5733304717956443,0.634090735480731
1678.0,0.09225355846913133,0.8022532953558208
1679.0,0.6669491304215615,-0.026570458068687988
1680.0,0.663293842159512,-0.12552154137882118
1681.0,2.8452739352735685,5.483043381809816
1682.0,9.849644247550751,6.322050690225209
1683.0,17.59021873032072,8.475884617339366
1684.0,25.374138827691223,6.307183249039267
1685.0,29.753609083821207,2.683806650847682
1686.0,30.604120984994807,-0.5379418010990715
1687.0,28.766647391358326,-3.1055224743528878
1688.0,24.833961946183976,-4.442349271771562
1689.0,20.493929445307106,-4.067255026766633
1690.0,15.358937168124546,-6.206382710583908
1691.0,8.58213339764388,-5.290596277955874
1692.0,4.645487587845285,-2.9594605377692056
1693.0,2.2983639567150673,-1.916604032397049
1694.0,1.1514114507706934,-0.6245669962962249
1695.0,0.7683210102730584,0.009722064945617687
1696.0,0.5898831957156343,-0.20330100592082392
1697.0,0.5690522086475776,-0.17104771504706787
1698.0,0.4505629128938071,-0.023152013517461146
1699.0,0.22277401312225795,-0.3611823637989796
1700.0,0.13690283826581603,0.33166995489169837
1701.0,-0.8876382850443723,-3.9197236111340423
1702.0,-5.756689937217891,-4.860326553473451
1703.0,-9.995479047438991,-2.9281344743414475
1704.0,-11.891130302137636,-0.9958882218959003
1705.0,-11.920809473696806,0.47474064039849345
1706.0,-10.914842939367821,1.1363827023459765
1707.0,-9.63621432348608,1.21210002533119
1708.0,-8.511775367405514,1.0330901437859614
1709.0,-7.456062998786461,0.8923365558428193
1710.0,-6.468605500141479,1.537053919682316
1711.0,-2.6583285514077164,6.5314739856708375
1712.0,2.0536633158984112,3.1849302299275286
1713.0,4.234386870832827,1.4563652546412658
1714.0,4.884671784989515,0.020298691350474667
1715.0,4.512482636614222,-0.40562801776660484
1716.0,4.044419215577598,-0.379012518097987
1717.0,3.4977995501470325,-0.7365455799830902
1718.0,3.102496590880932,-0.22685669609929093
1719.0,2.845459700942618,0.5491722580033276
1720.0,6.224265766559115,4.562291369085072
1721.0,9.277932571361312,0.5090875790195645
1722.0,6.852807962555697,-5.072275983526685
1723.0,-0.1970898576948337,-8.67534202913934
1724.0,-9.642873577946164,-9.95817123188023
1725.0,-18.93557194739643,-8.387163247905828
1726.0,-26.740485266860894,-6.624523678145883
1727.0,-32.18265893166581,-4.125137409602701
1728.0,-35.512063268601764,-2.645685174042002
1729.0,-38.799617633131746,-3.314772138327807
1730.0,-39.049029329566515,2.0486251697469395
1731.0,-35.69143230354318,3.796854101880699
1732.0,-33.452541119397075,2.7273439406130215
1733.0,-28.04165756855038,6.117413447793035
1734.0,-22.127175642499246,5.577155847121886
1735.0,-16.825149916404975,5.054081393121546
1736.0,-12.255176975837133,3.7923262073375494
1737.0,-8.840669692592778,3.2444908888002804
1738.0,-6.166783530815964,2.262089417924201
1739.0,-4.082473798285,1.4411201168626953
1740.0,-2.973571185347557,0.8702002349582058
1741.0,-2.2147933057409643,0.7005584657262894
1742.0,-1.4723255515754414,0.7688142475266018
1743.0,-0.8017995973976504,0.4109102248507397
1744.0,-0.16325077683173833,0.5410902547809651
1745.0,0.07844211304063904,0.08771974059621523
1746.0,-0.020123629851499455,-0.228488681743331
1747.0,-0.1667035622476497,1.1109441140291783
1748.0,4.588238594246003,6.726982447084395
1749.0,11.611358706212709,6.893981840320215
1750.0,17.60585598826327,5.076807468458038
1751.0,21.48746665019173,3.083959303652642
1752.0,23.265499329616613,0.3208837177092693
1753.0,22.21483544395662,-1.7125036251890233
1754.0,19.828929423647615,-3.1841197554929295
1755.0,16.81705989350461,-2.7746644876092263
1756.0,14.250098833839546,-2.5033359577107506
1757.0,10.431525868979694,-6.314027308528892
1758.0,4.877041362300925,-4.062900603559674
1759.0,1.968226150234894,-2.0129258588679733
1760.0,0.4053018315420324,-1.173503151379169
1761.0,-0.32923721456716737,-0.3981127210563413
1762.0,-0.6601327156777437,-0.22643356498574085
1763.0,-0.6639295756696445,0.261368024617984
1764.0,-0.5312339479822796,0.01910358748395053
1765.0,-0.16660673881655075,0.22075515767781467
1766.0,-0.30261460713604404,-0.1222683776556508
1767.0,-0.9646137807881877,-2.969255476423384
1768.0,-5.276865855915639,-4.216875437401283
1769.0,-8.711851748789439,-1.7316843087271567
1770.0,-9.415323422902674,-0.06777108272303253
1771.0,-9.068697923611241,0.7937600843047349
1772.0,-7.884899260830407,1.289683398439635
1773.0,-6.436268450882526,1.6859519760805473
1774.0,-4.950457058948907,1.5092290198260354
1775.0,-3.7624481768611684,1.0714111305994454
1776.0,-2.6734202927285238,1.4255349285453054
1777.0,0.34198286500146136,5.790176734707339
1778.0,5.421425515577987,3.526514747547866
1779.0,7.359814488089521,0.8387216242556164
1780.0,7.599247781368661,-0.2521171093893398
1781.0,7.312235089492007,-0.5317484623288526
1782.0,6.691562119560334,-0.9121236533794161
1783.0,9.313326134951337,5.524744262269025
1784.0,15.685969067006356,6.287280063796192
1785.0,21.350583141182828,4.721058372236062
1786.0,24.051463883354977,0.07724709935701547
1787.0,20.64348424883182,-7.2081593491573805
1788.0,12.658690189801176,-6.670482735834786
1789.0,7.005910667726107,-4.637758140899927
1790.0,3.546295340569611,-2.5859800555880437
1791.0,1.487160788062862,-1.806581120133517
1792.0,0.3016005750287896,-0.6894793176853719
1793.0,0.22586587897948437,-0.08717723448431709
1794.0,-0.3303059340777885,-0.9082515736321053
1795.0,-1.0019364711220475,-0.42742123253922076
1796.0,-1.4328891985500254,-0.28959171749301243
1797.0,-1.5806405974532973,-0.3705895594277391
1798.0,-1.8088119822030209,0.009814079629944893
1799.0,-4.704833251371082,-5.333683847119523
1800.0,-10.04141641621684,-4.5498604687066715
1801.0,-12.75855114775581,-0.7818640491727522
1802.0,-12.885772139041855,0.3249012351663226
1803.0,-12.107186042446783,1.322540542516956
1804.0,-10.593760016280463,1.3177528410938826
1805.0,-8.551979856703726,2.5798074131627686
1806.0,-5.410306959263761,3.8853149435647443
1807.0,-1.250318582465414,4.306005159991358
1808.0,4.013562915716858,6.658311291485202
1809.0,9.321603674228081,3.172986414133686
1810.0,11.087023811424489,0.9833103864996828
1811.0,11.163415330510423,-0.9883160095288367
1812.0,9.864918974606288,-1.4097655513848155
1813.0,8.548449925905778,-1.6665716452673067
1814.0,6.93513393283419,-1.7886769244362837
1815.0,5.9856166579553625,1.9754604010549262
1816.0,9.44392744206149,3.122717563797177
1817.0,10.189173927241459,-2.730131707731212
1818.0,6.354640145519117,-2.9125461318824364
1819.0,4.031490701178827,-1.574380421152524
1820.0,2.6968649710437527,-1.3769010922513083
1821.0,1.505580644106786,-0.8341322539847954
1822.0,0.47553416517936004,-0.8904948397802931
1823.0,-0.5653408115652045,-0.874784947669854
1824.0,-2.1532917517708765,-3.421531905297559
1825.0,-4.4414742656720625,-1.438939101869186
1826.0,-5.021494784859518,0.3557067329578145
1827.0,-4.47652608321573,-0.19620208132765657
1828.0,-7.982064559755964,-5.50751841929176
1829.0,-13.864485122151613,-5.5706262430001985
1830.0,-18.30113261940232,-3.2843969976581913
1831.0,-20.024905292919865,0.16575727457788356
1832.0,-18.806695743686504,1.8418040057648999
1833.0,-16.214153643601332,4.215340080556158
1834.0,-10.002187064290469,8.069532458536704
1835.0,-0.5173669886042241,10.455777981655537
1836.0,10.302604058878575,10.779883981660383
1837.0,19.50547261928124,5.646779349977574
1838.0,22.531399541667064,0.6125678774409391
1839.0,21.633052741072582,-2.1241936075988677
1840.0,18.953693659868794,-3.1192092752141845
1841.0,15.89160600107719,-2.9206428462925103
1842.0,13.086077632339729,-2.620739183684337
1843.0,10.400805417442458,-2.771725419230214
1844.0,9.693575564727471,0.5117471325332851
1845.0,7.808666518880655,-2.6861621768867567
1846.0,5.417129233602126,-2.2832817032304584
1847.0,3.5668663429666174,-1.6945860010258882
1848.0,2.2363372544276268,-1.1694660687186567
1849.0,1.3848086707889955,-0.7097066957728388
1850.0,0.8494767885430735,-0.2630872870160853
1851.0,0.5833293608701097,-0.22540708671256077
1852.0,0.31572943231067463,-0.26703735114521765
1853.0,0.06600546792469718,-0.24489181963358758
1854.0,-0.5332400188150143,-0.5854480413848602
1855.0,-1.9070600922645462,-4.094555113532406
1856.0,-7.580946531384144,-6.7421023077935205
1857.0,-13.78092412563776,-5.691239814653978
1858.0,-18.05743878693808,-2.6606223236040587
1859.0,-19.642071486155913,-0.26891325871325117
1860.0,-18.804292379753377,1.4780148037403484
1861.0,-16.785786362941767,2.269773690856634
1862.0,-14.556409487474225,2.3290846237218976
1863.0,-12.20062886108396,2.3531773525486006
1864.0,-9.302380240770642,4.076500464661773
1865.0,-3.076630212600253,6.5019286341353695
1866.0,1.617916369491629,3.0141692611041693
1867.0,3.6371878911606013,1.1342509410722452
1868.0,4.192278993449293,0.32455734497037697
1869.0,4.212037286953735,-0.1833283015546949
1870.0,4.008709632314696,-0.12397630753430719
1871.0,3.9065648065930842,-0.3634628477213551
1872.0,3.840125064628623,-0.03158226830940505
1873.0,3.886265192557389,-0.034022930723025924
1874.0,4.971530818883756,2.8756718200432836
1875.0,7.1365696829821825,0.5727735706935974
1876.0,5.129813067972561,-4.256400419421698
1877.0,-1.0153670584801655,-7.665210847644012
1878.0,-9.282877664642262,-8.513933681585277
1879.0,-17.60113906741181,-8.333819235938305
1880.0,-25.48610653724895,-7.071658479786366
1881.0,-31.577428535518756,-4.928429452980284
1882.0,-35.97907076969001,-4.114371877440144
1883.0,-39.924267144829095,-4.260097496573032
1884.0,-43.55749571183359,-0.7994170972767809
1885.0,-44.133585924892564,-1.7782430469890549
1886.0,-44.28878485921209,2.5298687091175562
1887.0,-38.154757295516575,7.283491296106354
1888.0,-31.29568513511747,6.20773576914686
1889.0,-25.14278366670818,5.496697259871382
1890.0,-20.39805543295784,4.013703699486421
1891.0,-16.802997489802053,3.5279202683309374
1892.0,-13.251702875190938,3.4684712780406772
1893.0,-9.966107038013392,3.1513707123187085
1894.0,-7.386649100022271,2.0234619917947905
1895.0,-5.8989284999756,1.1074954011665552
1896.0,-4.56184796637684,1.2733969701317889
1897.0,-3.5677946895352672,0.7440830760563493
1898.0,-2.6135609131630573,1.1040957671155347
1899.0,-1.8060633587732238,0.8072163447874625
